<?xml version="1.0"?>
<doc>
    <assembly>
        <name>InfragisticsWPF4.Controls.Editors.XamDateTimeInput.v17.1</name>
    </assembly>
    <members>
        <member name="T:Infragistics.Controls.Editors.Resources">
            <summary>
            Exposes a <see cref="T:Infragistics.Shared.ResourceCustomizer"/> instance for this assembly. 
            </summary>
            <seealso cref="P:Infragistics.Controls.Editors.Resources.Customizer"/> 
            <seealso cref="T:Infragistics.Shared.ResourceCustomizer"/> 
        </member>
        <member name="P:Infragistics.Controls.Editors.Resources.Customizer">
            <summary>
            Returns the <see cref="T:Infragistics.Shared.ResourceCustomizer"/> for this assembly.
            </summary>
            <seealso cref="T:Infragistics.Shared.ResourceCustomizer"/> 
        </member>
        <member name="M:Infragistics.Controls.Editors.Resources.GetString(System.String,System.Object[])">
            <summary>
            Returns the resource string using the specified name and default culture.
            </summary>
            <param name="name">Name of the string resource to return.</param>
            <param name="args">Arguments supplied to the string.Format method when formatting the string.</param>
        </member>
        <member name="M:Infragistics.Controls.Editors.Resources.GetString(System.String)">
            <summary>
            Returns the resource string using the specified resource name and default culture. The string is then formatted using the arguments specified.
            </summary>
            <param name="name">Name of the string resource to return.</param>
        </member>
        <member name="M:Infragistics.Controls.Editors.Resources.GetDynamicResourceString(System.String)">
            <summary>
            Returns a DynamicResourceString object that tracks customization changes to a resource and raises an event when the resource value is changed.
            </summary>
            <param name="name">Name of the string resource to return.</param>
            <returns>A <see cref="T:Infragistics.Shared.DynamicResourceString"/> object to track changes in the resource customizations.</returns>
            <seealso cref="T:Infragistics.Shared.ResourceCustomizer"/>
            <seealso cref="M:Infragistics.Shared.ResourceCustomizer.SetCustomizedString(System.String,System.String)"/>
            <seealso cref="M:Infragistics.Shared.ResourceCustomizer.ResetCustomizedString(System.String)"/>
            <seealso cref="M:Infragistics.Shared.ResourceCustomizer.ResetAllCustomizedStrings"/>
        </member>
        <member name="M:Infragistics.Controls.Editors.Resources.GetDynamicResourceString(System.String,System.Object[])">
            <summary>
            Returns a DynamicResourceString object that tracks customization changes to a resource and raises an event when the resource value is changed.
            </summary>
            <param name="name">Name of the string resource to return.</param>
            <param name="args">Arguments supplied to the string.Format method when formatting the string.</param>
            <returns>A <see cref="T:Infragistics.Shared.DynamicResourceString"/> object to track changes in the resource customizations.</returns>
            <seealso cref="T:Infragistics.Shared.ResourceCustomizer"/>
            <seealso cref="M:Infragistics.Shared.ResourceCustomizer.SetCustomizedString(System.String,System.String)"/>
            <seealso cref="M:Infragistics.Shared.ResourceCustomizer.ResetCustomizedString(System.String)"/>
            <seealso cref="M:Infragistics.Shared.ResourceCustomizer.ResetAllCustomizedStrings"/>
        </member>
        <member name="M:Infragistics.Controls.Editors.Resources.GetDynamicResourceString(System.String,System.Object[],System.Globalization.CultureInfo)">
            <summary>
            Returns a DynamicResourceString object that tracks customization changes to a resource and raises an event when the resource value is changed.
            </summary>
            <param name="name">Name of the string resource to return.</param>
            <param name="args">Arguments supplied to the string.Format method when formatting the string.</param>
            <param name="culture">Culture whose resource should loaded. The resource will go through a fallback process to locate the appropriate resources.</param>
            <returns>A <see cref="T:Infragistics.Shared.DynamicResourceString"/> object to track changes in the resource customizations.</returns>
            <seealso cref="T:Infragistics.Shared.ResourceCustomizer"/>
            <seealso cref="M:Infragistics.Shared.ResourceCustomizer.SetCustomizedString(System.String,System.String)"/>
            <seealso cref="M:Infragistics.Shared.ResourceCustomizer.ResetCustomizedString(System.String)"/>
            <seealso cref="M:Infragistics.Shared.ResourceCustomizer.ResetAllCustomizedStrings"/>
        </member>
        <member name="M:Infragistics.Controls.Editors.Resources.GetObject(System.String)">
            <summary>
            Returns the resource object using the specified name.
            </summary>
            <param name="name">Name of the resource item</param>
            <returns>An object containing the specified resource</returns>
        </member>
        <member name="T:Infragistics.Controls.Editors.XamDateTimeInput">
            <summary>
            Allows editing of date and/or time based on a mask.
            </summary>
            <remarks>
            <para class="body">
            <b>XamDateTimeInput</b> can be used to edit a date and/or time. Based on the value of the
            <see cref="P:Infragistics.Controls.Editors.XamMaskedInput.Mask"/> property, it can edit date, time or both date and time.
            The following are some example masks:<br/>
            <ul>
            <li><b>{date}</b> - Date mask based on <i>short</i> date pattern setting of the system.</li>
            <li><b>{time}</b> - Time mask based on <i>short</i> time pattern setting of the system. Short time pattern typically does not include seconds portion.</li>
            <li><b>{longtime} - Time mask based on <i>long</i> time pattern setting of the system. Long time pattern typically includes seconds portion.</b></li>
            
            <li><b>{date}</b> - Creates a date only mask based on the short date pattern.</li>
            <li><b>{time}</b> - Creates a time only mask based on the short time pattern.</li>
            <li><b>{longtime}</b> - Creates a time only mask based on the long time pattern, which typically includes seconds.</li>
            <li><b>{date} {time}</b> - Creates a date and time mask based on the short date and short time patterns.</li>
            <li><b>mm/dd/yyyy</b> - Creates a date only mask. Note: This mask specifies the exact order of day, month and year explicitly. The underlying
            culture settings will not be used to determine the order of day, month and year section.</li>
            </ul>
            <br/>
            See help for <see cref="P:Infragistics.Controls.Editors.XamMaskedInput.Mask"/> property for a listing of all the supported masks,
            including ones that are relevant for date and time.
            </para>
            <para class="body">
            By default the current culture settings will be used to determine the format of date and time.
            However you can override that by setting the <see cref="P:Infragistics.Controls.Editors.ValueInput.FormatProvider"/> and 
            <see cref="P:Infragistics.Controls.Editors.ValueInput.Format"/> properties. If <b>FormatProvider</b> is set then the mask and the 
            formatting will be based on the settings provided by <b>FormatProvider</b>. Otherwise the formatting will 
            be based on the current culture. Note: the <b>Format</b> property only controls what gets displayed when
            the control is not in edit mode. See <see cref="P:Infragistics.Controls.Editors.ValueInput.Format"/> for more information.
            </para>
            <seealso cref="P:Infragistics.Controls.Editors.XamMaskedInput.Mask"/>
            <seealso cref="P:Infragistics.Controls.Editors.ValueInput.Value"/>
            <seealso cref="P:Infragistics.Controls.Editors.ValueInput.ValueType"/>
            <seealso cref="P:Infragistics.Controls.Editors.ValueInput.FormatProvider"/>
            <seealso cref="P:Infragistics.Controls.Editors.ValueInput.Format"/>
            </remarks>
        </member>
        <member name="M:Infragistics.Controls.Editors.XamDateTimeInput.#ctor">
            <summary>
            Initializes a new <see cref="T:Infragistics.Controls.Editors.XamDateTimeInput"/>
            </summary>
        </member>
        <member name="P:Infragistics.Controls.Editors.XamDateTimeInput.DefaultValueType">
            <summary>
            Returns the default value type of the editor. When the <see cref="P:Infragistics.Controls.Editors.ValueInput.ValueType"/> property is not set, this is
            the type that the <see cref="P:Infragistics.Controls.Editors.ValueInput.ValueTypeResolved"/> will return.
            </summary>
        </member>
        <member name="M:Infragistics.Controls.Editors.XamDateTimeInput.InitializeValueProperties">
            <summary>
            Overridden. Initializes the value properties. This synchronizes all the value properties if one of
            them is set in xaml since we delay syncrhonization until after initialization in case
            other settings in xaml effect how they are synchronized.
            </summary>
        </member>
        <member name="M:Infragistics.Controls.Editors.XamDateTimeInput.OnApplyTemplate">
            <summary>
            Invoked when the template has been applied to the editor.
            </summary>
        </member>
        <member name="M:Infragistics.Controls.Editors.XamDateTimeInput.OnGotFocus(System.Windows.RoutedEventArgs)">
            <summary>
            Called when the control receives focus
            </summary>
            <param name="e"></param>
        </member>
        <member name="M:Infragistics.Controls.Editors.XamDateTimeInput.OnInitialized(System.EventArgs)">
            <summary>
            Overridden. Raises the <see cref="E:System.Windows.FrameworkElement.Initialized"/> event. This method is invoked when the <see cref="P:System.Windows.FrameworkElement.IsInitialized"/> is set to true.
            </summary>
            <param name="e">Event arguments</param>
        </member>
        <member name="M:Infragistics.Controls.Editors.XamDateTimeInput.OnIsKeyboardFocusWithinChanged(System.Windows.DependencyPropertyChangedEventArgs)">
            <summary>
            Called when the keyboard focus state within the visual tree of this element has changed 
            </summary>
            <param name="e"></param>
        </member>
        <member name="M:Infragistics.Controls.Editors.XamDateTimeInput.OnKeyDown(System.Windows.Input.KeyEventArgs)">
            <summary>
            Called when a key is pressed
            </summary>
            <param name="e"></param>
        </member>
        <member name="M:Infragistics.Controls.Editors.XamDateTimeInput.OnMouseEnter(System.Windows.Input.MouseEventArgs)">
            <summary>
            Called when the mouse enters the element
            </summary>
            <param name="e"></param>
        </member>
        <member name="M:Infragistics.Controls.Editors.XamDateTimeInput.OnMouseLeave(System.Windows.Input.MouseEventArgs)">
            <summary>
            Called when the mouse leaves the element
            </summary>
            <param name="e"></param>
        </member>
        <member name="M:Infragistics.Controls.Editors.XamDateTimeInput.OnIsReadOnlyChanged">
            <summary>
            Called when the <see cref="P:Infragistics.Controls.Editors.ValueInput.IsReadOnly"/>  property has been changed
            </summary>
        </member>
        <member name="M:Infragistics.Controls.Editors.XamDateTimeInput.SyncValuePropertiesOverride(System.Windows.DependencyProperty,System.Object,System.Exception@)">
            <summary>
            Overridden. Called to synchronize value and text properties. Derived classes can override this
            method if they have their own value properties (like the XamCheckEditor which has
            IsChecked property) because the Value, Text and all other editor specific value
            related properties need to be kept in sync. Default implementation synchronizes
            Value and Text properties.
            </summary>
            <param name="prop">Property that changed.</param>
            <param name="newValue">New value of the property.</param>
            <param name="error">Set this to the any error message if synchronization fails (for example
            because of type conversion or some other problem with synchronizing the new value).</param>
            <returns>Value indicating whether the new value should be considered valid. If false is
            returned, IsValueValid property will be set to false.</returns>
        </member>
        <member name="F:Infragistics.Controls.Editors.XamDateTimeInput.AllowDropDownProperty">
            <summary>
            Identifies the <see cref="P:Infragistics.Controls.Editors.XamDateTimeInput.AllowDropDown"/> dependency property
            </summary>
        </member>
        <member name="P:Infragistics.Controls.Editors.XamDateTimeInput.AllowDropDown">
            <summary>
            Returns or sets a value that indicates whether the dropdown should be used to select a date.
            </summary>
            <remarks>
            <p class="body">By default, the XamDateTimeInput will show a dropdown as long as it it can enter edit mode 
            and has a date mask - i.e. it will not show if the <see cref="P:Infragistics.Controls.Editors.XamMaskedInput.Mask"/> is set to a time-only 
            input mask. The AllowDropDown property can be used to prevent the dropdown from being available even when 
            the editor is used to edit a date. When set to false, the editor will not attempt to show the dropdown 
            calendar when using the mouse or keyboard.</p>
            </remarks>
            <seealso cref="F:Infragistics.Controls.Editors.XamDateTimeInput.AllowDropDownProperty"/>
        </member>
        <member name="F:Infragistics.Controls.Editors.XamDateTimeInput.AllowDropDownResolvedProperty">
            <summary>
            Identifies the read-only <see cref="P:Infragistics.Controls.Editors.XamDateTimeInput.AllowDropDownResolved"/> dependency property
            </summary>
        </member>
        <member name="P:Infragistics.Controls.Editors.XamDateTimeInput.AllowDropDownResolved">
            <summary>
            Returns the resolved value that indicates whether the dropdown should be used to select a date (read-only).
            </summary>
            <remarks>
            <p class="body">By default, the XamDateTimeInput will show a dropdown as long as it it can enter edit mode 
            and has a date mask - i.e. it will not show if the <see cref="P:Infragistics.Controls.Editors.XamMaskedInput.Mask"/> is set to a time-only 
            input mask. The AllowDropDown property can be used to prevent the dropdown from being available even when 
            the editor is used to edit a date. When set to false, the editor will not attempt to show the dropdown 
            calendar when using the mouse or keyboard.</p>
            </remarks>
            <seealso cref="F:Infragistics.Controls.Editors.XamDateTimeInput.AllowDropDownProperty"/>
            <seealso cref="F:Infragistics.Controls.Editors.XamDateTimeInput.AllowDropDownResolvedProperty"/>
        </member>
        <member name="F:Infragistics.Controls.Editors.XamDateTimeInput.ComputedMaxDateProperty">
            <summary>
            Identifies the read-only <see cref="P:Infragistics.Controls.Editors.XamDateTimeInput.ComputedMaxDate"/> dependency property
            </summary>
        </member>
        <member name="P:Infragistics.Controls.Editors.XamDateTimeInput.ComputedMaxDate">
            <summary>
            Returns the calculated maximum date value for the control
            </summary>
            <remarks>
            <p class="body">The ComputedMaxDate and <see cref="P:Infragistics.Controls.Editors.XamDateTimeInput.ComputedMinDate"/> are read-only properties that 
            expose resolved DateTime values from the minimum and maximum properties of the <see cref="P:Infragistics.Controls.Editors.ValueInput.ValueConstraint"/> 
            and is meant to be used from within the template of the editor. The default template contains a <see cref="T:Infragistics.Controls.Editors.XamCalendar"/> 
            that uses these properties to control its <see cref="P:Infragistics.Controls.Editors.XamCalendar.MinDate"/> and <see cref="P:Infragistics.Controls.Editors.XamCalendar.MaxDate"/>.</p>
            </remarks>
            <seealso cref="F:Infragistics.Controls.Editors.XamDateTimeInput.ComputedMaxDateProperty"/>
            <seealso cref="P:Infragistics.Controls.Editors.XamDateTimeInput.ComputedMinDate"/>
        </member>
        <member name="F:Infragistics.Controls.Editors.XamDateTimeInput.ComputedMinCalendarModeProperty">
            <summary>
            Identifies the read-only <see cref="P:Infragistics.Controls.Editors.XamDateTimeInput.ComputedMinCalendarMode"/> dependency property
            </summary>
        </member>
        <member name="P:Infragistics.Controls.Editors.XamDateTimeInput.ComputedMinCalendarMode">
            <summary>
            Returns the preferred MinCalendarMode for the XamCalendar within the dropdown of the control.
            </summary>
            <remarks>
            <p class="body">The ComputedMinCalendarMode is a read only property that returns a <see cref="T:System.Windows.Controls.CalendarMode"/> 
            that identifies the smallest date unit that should be available within the <see cref="T:Infragistics.Controls.Editors.XamCalendar"/> 
            used in the dropdown of the control. For example, when the <see cref="P:Infragistics.Controls.Editors.XamMaskedInput.Mask"/> is set 
            to a mask that includes days, this property will return <b>Days</b> but if the smallest date unit 
            in the mask is months (e.g. mm/yyyy), then this property will return <b>Months</b> to indicate the 
            dropdown should only allow the user to see months and not days. This property is used within the default 
            template to control the <see cref="P:Infragistics.Controls.Editors.XamCalendar.MinCalendarMode"/> of the contained 
            <see cref="T:Infragistics.Controls.Editors.XamCalendar"/>.</p>
            </remarks>
            <seealso cref="F:Infragistics.Controls.Editors.XamDateTimeInput.ComputedMinCalendarModeProperty"/>
        </member>
        <member name="F:Infragistics.Controls.Editors.XamDateTimeInput.ComputedMinDateProperty">
            <summary>
            Identifies the read-only <see cref="P:Infragistics.Controls.Editors.XamDateTimeInput.ComputedMinDate"/> dependency property
            </summary>
        </member>
        <member name="P:Infragistics.Controls.Editors.XamDateTimeInput.ComputedMinDate">
            <summary>
            Returns the calculated minimum date value for the control
            </summary>
            <p class="body">The ComputedMinDate and <see cref="P:Infragistics.Controls.Editors.XamDateTimeInput.ComputedMaxDate"/> are read-only properties that 
            expose resolved DateTime values from the minimum and maximum properties of the <see cref="P:Infragistics.Controls.Editors.ValueInput.ValueConstraint"/> 
            and is meant to be used from within the template of the editor. The default template contains a <see cref="T:Infragistics.Controls.Editors.XamCalendar"/> 
            that uses these properties to control its <see cref="P:Infragistics.Controls.Editors.XamCalendar.MinDate"/> and <see cref="P:Infragistics.Controls.Editors.XamCalendar.MaxDate"/>.</p>
            <seealso cref="F:Infragistics.Controls.Editors.XamDateTimeInput.ComputedMinDateProperty"/>
            <seealso cref="P:Infragistics.Controls.Editors.XamDateTimeInput.ComputedMaxDate"/>
        </member>
        <member name="F:Infragistics.Controls.Editors.XamDateTimeInput.DateValueProperty">
            <summary>
            Identifies the <see cref="P:Infragistics.Controls.Editors.XamDateTimeInput.DateValue"/> dependency property
            </summary>
        </member>
        <member name="P:Infragistics.Controls.Editors.XamDateTimeInput.DateValue">
            <summary>
            Gets or sets the date portion of the editor's value.
            </summary>
            <remarks>
            <para class="body">
            <b>DateValue</b> property returns the date portion of the editor's value. If the 
            editor's current value is null or has invalid date in it, this property returns
            null.
            </para>
            <para class="body">
            Setting this property updates only the date portion of the editor's value. If
            the current value is null and the editor is in edit mode, only the date portion 
            of the editor's content is be updated, leaving the time portion empty. If the
            editor is not edit mode and the the current value is null, then setting DateValue
            property also sets the Value property to the same DateTime instance.
            </para>
            </remarks>
            <seealso cref="P:Infragistics.Controls.Editors.ValueInput.Value"/>
        </member>
        <member name="F:Infragistics.Controls.Editors.XamDateTimeInput.DropDownButtonDisplayModeProperty">
            <summary>
            Identifies the <see cref="P:Infragistics.Controls.Editors.XamDateTimeInput.DropDownButtonDisplayMode"/> dependency property
            </summary>
        </member>
        <member name="P:Infragistics.Controls.Editors.XamDateTimeInput.DropDownButtonDisplayMode">
            <summary>
            Specifies when to display the drop down button. Default is <b>MouseOver</b>.
            </summary>
            <remarks>
            <p class="body">The <b>DropDownButtonDisplayMode</b> determines when the drop down button should be displayed.</p>
            <p class="note"><b>Note</b> that the drop down button will always be displayed when the editor 
            is in edit mode.</p>
            </remarks>
        </member>
        <member name="F:Infragistics.Controls.Editors.XamDateTimeInput.DropDownButtonStyleProperty">
            <summary>
            Identifies the <see cref="P:Infragistics.Controls.Editors.XamDateTimeInput.DropDownButtonStyle"/> dependency property
            </summary>
        </member>
        <member name="P:Infragistics.Controls.Editors.XamDateTimeInput.DropDownButtonStyle">
            <summary>
            Used for setting the Style of the drop-down button. Default value is null.
            </summary>
            <remarks>
            <para class="body">
            Default value of this property is null. You can use this property to specify a Style object to use for the
            drop-down button displayed inside the editor.
            </para>
            </remarks>
        </member>
        <member name="F:Infragistics.Controls.Editors.XamDateTimeInput.DropDownButtonVisibilityProperty">
            <summary>
            Identifies the read-only <see cref="F:Infragistics.Controls.Editors.XamDateTimeInput.DropDownButtonVisibilityProperty"/> dependency property
            </summary>
        </member>
        <member name="P:Infragistics.Controls.Editors.XamDateTimeInput.DropDownButtonVisibility">
            <summary>
            Indicates whether the drop down button is currently visible or not.
            </summary>
            <remarks>
            <para class="body">
            This property can be used to find out if the drop down button is visible or not.
            </para>
            <seealso cref="P:Infragistics.Controls.Editors.XamDateTimeInput.DropDownButtonDisplayMode"/>
            </remarks>
        </member>
        <member name="F:Infragistics.Controls.Editors.XamDateTimeInput.IsDropDownOpenProperty">
            <summary>
            Identifies the <see cref="P:Infragistics.Controls.Editors.XamDateTimeInput.IsDropDownOpen"/> dependency property
            </summary>
        </member>
        <member name="M:Infragistics.Controls.Editors.XamDateTimeInput.OnCoerceIsDropDownOpen(System.Windows.DependencyObject,System.Object)">
            <summary>
            When IsDroppedDown is set, we need to make sure that the editor is in edit mode and if not
            enter it into edit mode. That's what this coerce handler does.
            </summary>
            <param name="dependencyObject"></param>
            <param name="valueAsObject"></param>
            <returns></returns>
        </member>
        <member name="P:Infragistics.Controls.Editors.XamDateTimeInput.IsDropDownOpen">
            <summary>
            Specifies whether the drop down is currently open.
            </summary>
            <remarks>
            <para class="body">
            <b>IsDropDownOpen</b> returns a value indicating whether the drop down is currently open.
            You can set this property to open or close drop down as well. If you set this property
            to true and the editor is not in edit mode, it will be put in edit mode.
            </para>
            <para class="body">
            You can also hook into <see cref="E:Infragistics.Controls.Editors.XamDateTimeInput.DropDownOpened"/> and <see cref="E:Infragistics.Controls.Editors.XamDateTimeInput.DropDownClosed"/> events
            to be notified when the drop-down is opened and closed.
            </para>
            <seealso cref="E:Infragistics.Controls.Editors.XamDateTimeInput.DropDownOpened"/> <seealso cref="E:Infragistics.Controls.Editors.XamDateTimeInput.DropDownClosed"/>
            </remarks>
        </member>
        <member name="F:Infragistics.Controls.Editors.XamDateTimeInput.ScrollDirectionProperty">
            <summary>
            Identifies the <see cref="P:Infragistics.Controls.Editors.XamDateTimeInput.ScrollDirection"/> dependency property
            </summary>
        </member>
        <member name="P:Infragistics.Controls.Editors.XamDateTimeInput.ScrollDirection">
            <summary>
            Determines the direction that months are scrolled.
            </summary>
            <remarks>
            <p class="body">By default the <see cref="P:Infragistics.Controls.Editors.XamDateTimeInput.ScrollDirection"/> is set to Horizontal.</p>
            </remarks>        
        </member>
        <member name="M:Infragistics.Controls.Editors.XamDateTimeInput.UpdateDropDownButtonVisibility">
            <summary>
            Updates the DropDownButtonVisibility property according to the current state of the editor
            and DropDownButtonDisplayMode property setting.
            </summary>
        </member>
        <member name="M:Infragistics.Controls.Editors.XamDateTimeInput.OnDropDownOpened(System.EventArgs)">
            <summary>
            This method is called when the drop-down list is opened. It raises <see cref="E:Infragistics.Controls.Editors.XamDateTimeInput.DropDownOpened"/> event.
            </summary>
            <seealso cref="E:Infragistics.Controls.Editors.XamDateTimeInput.DropDownOpened"/>
            <seealso cref="E:Infragistics.Controls.Editors.XamDateTimeInput.DropDownClosed"/>
        </member>
        <member name="E:Infragistics.Controls.Editors.XamDateTimeInput.DropDownOpened">
            <summary>
            Occurs when the drop-down calendar is opened.
            </summary>
            <seealso cref="M:Infragistics.Controls.Editors.XamDateTimeInput.OnDropDownOpened(System.EventArgs)"/>
            <seealso cref="P:Infragistics.Controls.Editors.XamDateTimeInput.IsDropDownOpen"/>
            <seealso cref="E:Infragistics.Controls.Editors.XamDateTimeInput.DropDownClosed"/>
        </member>
        <member name="M:Infragistics.Controls.Editors.XamDateTimeInput.OnDropDownClosed(System.EventArgs)">
            <summary>
            This method is called when the drop-down list is closed. It raises <see cref="E:Infragistics.Controls.Editors.XamDateTimeInput.DropDownClosed"/> event.
            </summary>
            <seealso cref="E:Infragistics.Controls.Editors.XamDateTimeInput.DropDownClosed"/>
            <seealso cref="E:Infragistics.Controls.Editors.XamDateTimeInput.DropDownClosed"/>
        </member>
        <member name="E:Infragistics.Controls.Editors.XamDateTimeInput.DropDownClosed">
            <summary>
            Occurs when the drop-down calendar is closed.
            </summary>
            <seealso cref="M:Infragistics.Controls.Editors.XamDateTimeInput.OnDropDownClosed(System.EventArgs)"/>
            <seealso cref="P:Infragistics.Controls.Editors.XamDateTimeInput.IsDropDownOpen"/>
            <seealso cref="E:Infragistics.Controls.Editors.XamDateTimeInput.DropDownOpened"/>
        </member>
        <member name="M:LocalizedCategoryAttribute.GetLocalizedString(System.String)">
            <summary>
            Returns the localized category name
            </summary>
            <param name="value">Name of the category to retreive</param>
            <returns>The localized string value</returns>
        </member>
        <member name="M:InternalDynamicResourceString.#ctor(Infragistics.Shared.ResourceCustomizer,System.Globalization.CultureInfo,System.String,System.Object[])">
            <summary>
            This constructor is for internal use only.
            </summary>
        </member>
        <member name="M:InternalDynamicResourceString.GetStringFromResource(System.String,System.Globalization.CultureInfo)">
            <summary>
            For internal use only.
            </summary>
        </member>
    </members>
</doc>
