<?xml version="1.0"?>
<doc>
    <assembly>
        <name>InfragisticsWPF4.Documents.RichTextDocument.Word.v17.1</name>
    </assembly>
    <members>
        <member name="T:Infragistics.Documents.RichText.Word.Resources">
            <summary>
            Exposes a <see cref="T:Infragistics.Shared.ResourceCustomizer"/> instance for this assembly. 
            </summary>
            <seealso cref="P:Infragistics.Documents.RichText.Word.Resources.Customizer"/> 
            <seealso cref="T:Infragistics.Shared.ResourceCustomizer"/> 
        </member>
        <member name="P:Infragistics.Documents.RichText.Word.Resources.Customizer">
            <summary>
            Returns the <see cref="T:Infragistics.Shared.ResourceCustomizer"/> for this assembly.
            </summary>
            <seealso cref="T:Infragistics.Shared.ResourceCustomizer"/> 
        </member>
        <member name="M:Infragistics.Documents.RichText.Word.Resources.GetString(System.String,System.Object[])">
            <summary>
            Returns the resource string using the specified name and default culture.
            </summary>
            <param name="name">Name of the string resource to return.</param>
            <param name="args">Arguments supplied to the string.Format method when formatting the string.</param>
        </member>
        <member name="M:Infragistics.Documents.RichText.Word.Resources.GetString(System.String)">
            <summary>
            Returns the resource string using the specified resource name and default culture. The string is then formatted using the arguments specified.
            </summary>
            <param name="name">Name of the string resource to return.</param>
        </member>
        <member name="M:Infragistics.Documents.RichText.Word.Resources.GetObject(System.String)">
            <summary>
            Returns the resource object using the specified name.
            </summary>
            <param name="name">Name of the resource item</param>
            <returns>An object containing the specified resource</returns>
        </member>
        <member name="T:Infragistics.Documents.RichText.Word.WordFormat">
            <summary>
            Represents the various Microsoft Word formats supported.
            </summary>
        </member>
        <member name="F:Infragistics.Documents.RichText.Word.WordFormat.Word2007Document">
            <summary>
            The DOCX file format introduced in Word 2007.
            </summary>
        </member>
        <member name="F:Infragistics.Documents.RichText.Word.WordFormat.StrictOpenXml">
            <summary>
            The DOCX, Strict Open XML file format.
            </summary>
        </member>
        <member name="T:Infragistics.Documents.RichText.Word.WordDocumentAdapter">
            <summary>
            A document adapter which can save and/or load Microsoft Word file format data in a specific format with a <see cref="T:Infragistics.Documents.RichText.RichTextDocument"/> instance.
            </summary>
        </member>
        <member name="M:Infragistics.Documents.RichText.Word.WordDocumentAdapter.#ctor">
            <summary>
            Creates a new <see cref="T:Infragistics.Documents.RichText.Word.WordDocumentAdapter"/> instance.
            </summary>
        </member>
        <member name="M:Infragistics.Documents.RichText.Word.WordDocumentAdapter.RefreshDocumentCore">
            <summary>
            Refreshes the content of the <see cref="P:Infragistics.Documents.RichText.Serialization.RichTextDocumentAdapterBase.Document"/> to reflect the current state of the <see cref="P:Infragistics.Documents.RichText.Word.WordDocumentAdapter.Value"/>.
            </summary>
        </member>
        <member name="M:Infragistics.Documents.RichText.Word.WordDocumentAdapter.RefreshValueCore">
            <summary>
            Refreshes the <see cref="P:Infragistics.Documents.RichText.Word.WordDocumentAdapter.Value"/> so it reflects the current state of the <see cref="P:Infragistics.Documents.RichText.Serialization.RichTextDocumentAdapterBase.Document"/>, which could be null.
            </summary>
        </member>
        <member name="F:Infragistics.Documents.RichText.Word.WordDocumentAdapter.FormatProperty">
            <summary>
            Identifies the <see cref="P:Infragistics.Documents.RichText.Word.WordDocumentAdapter.Format"/> dependency property
            </summary>
        </member>
        <member name="P:Infragistics.Documents.RichText.Word.WordDocumentAdapter.Format">
            <summary>
            Returns or sets the format in which to save the document.
            </summary>
            <seealso cref="F:Infragistics.Documents.RichText.Word.WordDocumentAdapter.FormatProperty"/>
        </member>
        <member name="F:Infragistics.Documents.RichText.Word.WordDocumentAdapter.ValueProperty">
            <summary>
            Identifies the <see cref="P:Infragistics.Documents.RichText.Word.WordDocumentAdapter.Value"/> dependency property
            </summary>
        </member>
        <member name="P:Infragistics.Documents.RichText.Word.WordDocumentAdapter.Value">
            <summary>
            Returns or sets the binary representation of a Microsoft Word file format representing the <see cref="T:Infragistics.Documents.RichText.RichTextDocument"/>.
            </summary>
            <seealso cref="F:Infragistics.Documents.RichText.Word.WordDocumentAdapter.ValueProperty"/>
        </member>
        <member name="T:Infragistics.Documents.RichText.Word.WordLoadOptions">
            <summary>
            Represents the various options available when loading a <see cref="T:Infragistics.Documents.RichText.RichTextDocument"/> in a Microsoft Word format.
            </summary>
        </member>
        <member name="M:Infragistics.Documents.RichText.Word.WordLoadOptions.#ctor">
            <summary>
            Creates a new <see cref="T:Infragistics.Documents.RichText.Word.WordLoadOptions"/> instance.
            </summary>
        </member>
        <member name="T:Infragistics.Documents.RichText.Word.WordSaveOptions">
            <summary>
            Represents the various options available when saving a <see cref="T:Infragistics.Documents.RichText.RichTextDocument"/> in a Microsoft Word format.
            </summary>
        </member>
        <member name="M:Infragistics.Documents.RichText.Word.WordSaveOptions.#ctor">
            <summary>
            Creates a new <see cref="T:Infragistics.Documents.RichText.Word.WordSaveOptions"/> instance.
            </summary>
        </member>
        <member name="P:Infragistics.Documents.RichText.Word.WordSaveOptions.Format">
            <summary>
            Gets or sets the format in which to save the document.
            </summary>
        </member>
        <member name="T:Infragistics.Documents.RichText.Word.WordSerializationProvider">
            <summary>
            A class which can save/load a <see cref="T:Infragistics.Documents.RichText.RichTextDocument"/> instance in the Microsoft Word file formats.
            </summary>
        </member>
        <member name="M:Infragistics.Documents.RichText.Word.WordSerializationProvider.#ctor">
            <summary>
            Creates a new <see cref="T:Infragistics.Documents.RichText.Word.WordSerializationProvider"/> instance.
            </summary>
        </member>
        <member name="M:Infragistics.Documents.RichText.Word.WordSerializationProvider.LoadDocument(Infragistics.Documents.RichText.Serialization.LoadDocumentContext)">
            <summary>
            Loads the document using the specified context information.
            </summary>
            <param name="context">The context information for loading the document.</param>
        </member>
        <member name="M:Infragistics.Documents.RichText.Word.WordSerializationProvider.SaveDocument(Infragistics.Documents.RichText.Serialization.SaveDocumentContext)">
            <summary>
            Saves the document using the specified context information.
            </summary>
            <param name="context">The context information for saving the document.</param>
        </member>
        <member name="M:Infragistics.Documents.RichText.Word.WordSerializationProvider.LoadFromClipboard(Infragistics.Documents.RichText.Serialization.LoadFromClipboardContext)">
            <summary>
            Loads portions of a document from the clipboard.
            </summary>
            <param name="context">The context information for loading the clipboard content.</param>
            <returns>
            A <see cref="T:Infragistics.Documents.RichText.Serialization.LoadFromClipboardResult"/> instance if the content was loaded successfully; 
            Null to try loading the content using another serialization provider.
            </returns>
            <seealso cref="M:Infragistics.Documents.RichText.Word.WordSerializationProvider.SaveToClipboard(Infragistics.Documents.RichText.Serialization.SaveToClipboardContext)"/>
            <seealso cref="P:Infragistics.Documents.RichText.Serialization.SerializationProviderBase.SupportedClipboardFormats"/>
        </member>
        <member name="M:Infragistics.Documents.RichText.Word.WordSerializationProvider.SaveToClipboard(Infragistics.Documents.RichText.Serialization.SaveToClipboardContext)">
            <summary>
            Saves portions of a document to the clipboard.
            </summary>
            <param name="context">The context information for saving the clipboard content.</param>
            <returns>True if the content was saved successfully; False to try saving the content using another serialization provider.</returns>
            <seealso cref="M:Infragistics.Documents.RichText.Word.WordSerializationProvider.LoadFromClipboard(Infragistics.Documents.RichText.Serialization.LoadFromClipboardContext)"/>
            <seealso cref="P:Infragistics.Documents.RichText.Serialization.SerializationProviderBase.SupportedClipboardFormats"/>
        </member>
        <member name="P:Infragistics.Documents.RichText.Word.WordSerializationProvider.Instance">
            <summary>
            Gets a singleton instance of the <see cref="T:Infragistics.Documents.RichText.Word.WordSerializationProvider"/>.
            </summary>
        </member>
        <member name="T:Infragistics.Documents.RichText.WordSerializationProviderExtensions">
            <summary>
            Extension methods related to the <see cref="T:Infragistics.Documents.RichText.Word.WordSerializationProvider"/> class.
            </summary>
        </member>
        <member name="M:Infragistics.Documents.RichText.WordSerializationProviderExtensions.LoadFromWord(Infragistics.Documents.RichText.RichTextDocument,System.String,Infragistics.Documents.RichText.Word.WordLoadOptions)">
            <summary>
            Loads the Microsoft Word content from a file into the document.
            </summary>
            <param name="document">The document in which the content should be loaded.</param>
            <param name="filePath">The path of the file containing the Microsoft Word content.</param>
            <param name="options">The options to use when loading the content.</param>
        </member>
        <member name="M:Infragistics.Documents.RichText.WordSerializationProviderExtensions.LoadFromWord(Infragistics.Documents.RichText.RichTextDocument,System.IO.Stream,Infragistics.Documents.RichText.Word.WordLoadOptions)">
            <summary>
            Loads the Microsoft Word content from the stream into the document.
            </summary>
            <param name="document">The document in which the content should be loaded.</param>
            <param name="stream">The stream containing the Microsoft Word content.</param>
            <param name="options">The options to use when loading the content.</param>
        </member>
        <member name="M:Infragistics.Documents.RichText.WordSerializationProviderExtensions.SaveToWord(Infragistics.Documents.RichText.RichTextDocument,System.String,Infragistics.Documents.RichText.Word.WordSaveOptions)">
            <summary>
            Saves the content from the document into a file using a Microsoft Word format.
            </summary>
            <param name="document">The document containing the content to be saved.</param>
            <param name="filePath">The path of the file into which the document should be saved.</param>
            <param name="options">The options to use when saving the content.</param>
        </member>
        <member name="M:Infragistics.Documents.RichText.WordSerializationProviderExtensions.SaveToWord(Infragistics.Documents.RichText.RichTextDocument,System.IO.Stream,Infragistics.Documents.RichText.Word.WordSaveOptions)">
            <summary>
            Saves the content from the document into the stream using a Microsoft Word format.
            </summary>
            <param name="document">The document containing the content to be saved.</param>
            <param name="stream">The stream into which the document should be saved.</param>
            <param name="options">The options to use when saving the content.</param>
        </member>
        <member name="M:LocalizedCategoryAttribute.GetLocalizedString(System.String)">
            <summary>
            Returns the localized category name
            </summary>
            <param name="value">Name of the category to retreive</param>
            <returns>The localized string value</returns>
        </member>
        <member name="M:InternalDynamicResourceString.#ctor(Infragistics.Shared.ResourceCustomizer,System.Globalization.CultureInfo,System.String,System.Object[])">
            <summary>
            This constructor is for internal use only.
            </summary>
        </member>
        <member name="M:InternalDynamicResourceString.GetStringFromResource(System.String,System.Globalization.CultureInfo)">
            <summary>
            For internal use only.
            </summary>
        </member>
    </members>
</doc>
