<?xml version="1.0"?>
<doc>
    <assembly>
        <name>Pentacube.CAx.ECAD.LcadIf</name>
    </assembly>
    <members>
        <member name="T:Pentacube.CAx.ECAD.LcadIf.Config.PropertyNamesForVendorCodeConfigView">
            <summary>
            PropertyNamesForVendorCodeConfigView.xaml에 대한 상호 작용 논리
            </summary>
            <summary>
            PropertyNamesForVendorCodeConfigView
            </summary>
        </member>
        <member name="M:Pentacube.CAx.ECAD.LcadIf.Config.PropertyNamesForVendorCodeConfigView.InitializeComponent">
            <summary>
            InitializeComponent
            </summary>
        </member>
        <member name="P:Pentacube.CAx.ECAD.LcadIf.DataAccess.PartPinMapRepo.PartPinsDict">
            <summary>
            Dictionary[VenderCode, List[(PinName 1, PinName 2)]]
            </summary>
        </member>
        <member name="T:Pentacube.CAx.ECAD.LcadIf.DataAccess.PartSpecRepo">
            <summary>
            부품의 Stress 값을 저장하고 위한 저장소
            </summary>
        </member>
        <!-- "P:Pentacube.CAx.ECAD.LcadIf.DataAccess.PartSpiceModelMapRepo.PartSpiceModelDic" 멤버에 대해 잘못된 형식의 XML 주석은 무시됩니다. -->
        <member name="M:Pentacube.CAx.ECAD.LcadIf.DataAccess.PLDBRepo.TryGetPowerVoltage(System.String,System.Double@)">
             <summary>
            
             </summary>
             <param name="netText"></param>
             <param name="voltage"></param>
             <returns></returns>
        </member>
        <member name="M:Pentacube.CAx.ECAD.LcadIf.DataAccess.PLDBRepo.TrimVoltage(System.String)">
            <summary>
            매우작은 전압을 표시하는 기호까지 감안하여 전압값을 반환하는 함수
            </summary>
            <param name="line">읽고자하는 문자열</param>
            <returns>if fails to parse, return Double.NaN</returns>
        </member>
        <member name="M:Pentacube.CAx.ECAD.LcadIf.DataAccess.RepositoryManager.LoadPLDB(System.Object)">
            <summary>
            Design file 혹은 EDIF 파일을 읽어서 PLDB를 구성
            </summary>
            <param name="arg"></param>
        </member>
        <member name="M:Pentacube.CAx.ECAD.LcadIf.DataAccess.SpiceModelRepo.Load(System.String)">
            <summary>
            특정 Folder 내 SpiceLibrary.lib 를 메모리에 Loading 하는 함수
            </summary>
        </member>
        <member name="T:Pentacube.CAx.ECAD.LcadIf.eNetType">
            <summary>
            Net의 Type
            </summary>
        </member>
        <member name="F:Pentacube.CAx.ECAD.LcadIf.eNetType.Signal">
            <summary>
            신호 (Signal, default)
            </summary>
        </member>
        <member name="F:Pentacube.CAx.ECAD.LcadIf.eNetType.Ground">
            <summary>
            그라운드 (Ground)
            </summary>
        </member>
        <member name="F:Pentacube.CAx.ECAD.LcadIf.eNetType.Power">
            <summary>
            전원 (Power)
            </summary>
        </member>
        <member name="T:Pentacube.CAx.ECAD.LcadIf.eChipPartSize">
            <summary>
            저항의 Size
            </summary>
        </member>
        <member name="T:Pentacube.CAx.ECAD.LcadIf.eCapacitanceUnit">
            <summary>
            캐패시터의 용량 단위
            </summary>
        </member>
        <member name="T:Pentacube.CAx.ECAD.LcadIf.eResistanceUnit">
            <summary>
            저항의 용량 단위
            </summary>
        </member>
        <member name="T:Pentacube.CAx.ECAD.LcadIf.eInductorUnit">
            <summary>
            인덕터의 용량 단위
            </summary>
        </member>
        <member name="T:Pentacube.CAx.ECAD.LcadIf.eICType">
            <summary>
            IC의 Type
            </summary>
        </member>
        <member name="T:Pentacube.CAx.ECAD.LcadIf.eBJTType">
            <summary>
            BJT 트랜지스터 Type
            </summary>
        </member>
        <member name="T:Pentacube.CAx.ECAD.LcadIf.eFETType">
            <summary>
            FET 트랜지스터 Type
            </summary>
        </member>
        <member name="T:Pentacube.CAx.ECAD.LcadIf.eICPinType">
            <summary>
            IC의 Pin Type
            </summary>
        </member>
        <member name="T:Pentacube.CAx.ECAD.LcadIf.eBJTPinType">
            <summary>
            BJT 트랜지스터의 Pin Type
            </summary>
        </member>
        <member name="T:Pentacube.CAx.ECAD.LcadIf.eFETPinType">
            <summary>
            FET 트랜지스터의 Pin Type
            </summary>
        </member>
        <member name="T:Pentacube.CAx.ECAD.LcadIf.eTemperatureCharacter">
            <summary>
            온도 특성.
            Temperature Coefficient or Capacitance Change : TCoCC.
            Temperature Range : TR.
            </summary>
        </member>
        <member name="F:Pentacube.CAx.ECAD.LcadIf.eTemperatureCharacter.CH">
            <summary>
            TCoCC: 0±60 ppm/℃, TR: -25 to +85℃
            </summary>
        </member>
        <member name="F:Pentacube.CAx.ECAD.LcadIf.eTemperatureCharacter.C0G">
            <summary>
            TCoCC: 0±30 ppm/℃, TR: -55 to +125℃
            </summary>
        </member>
        <member name="F:Pentacube.CAx.ECAD.LcadIf.eTemperatureCharacter.JB">
            <summary>
            TCoCC: ±10%, TR: -25 to +85℃
            </summary>
        </member>
        <member name="F:Pentacube.CAx.ECAD.LcadIf.eTemperatureCharacter.X5R">
            <summary>
            TCoCC: ±15%, TR: -55 to +85℃
            </summary>
        </member>
        <member name="F:Pentacube.CAx.ECAD.LcadIf.eTemperatureCharacter.X6S">
            <summary>
            TCoCC: ±22%, TR: -55 to +105℃
            </summary>
        </member>
        <member name="F:Pentacube.CAx.ECAD.LcadIf.eTemperatureCharacter.X7R">
            <summary>
            TCoCC: ±15%, TR: -55 to +125℃
            </summary>
        </member>
        <member name="F:Pentacube.CAx.ECAD.LcadIf.eTemperatureCharacter.X7S">
            <summary>
            TCoCC: ±22%, TR: -55 to +125℃
            </summary>
        </member>
        <member name="M:Pentacube.CAx.ECAD.LcadIf.LcadIfModule.Initialize">
            <summary>
            LCADIf 최초 Loading시 SchematiceRepoManager 인스턴스 생성
            </summary>
        </member>
        <member name="M:Pentacube.CAx.ECAD.LcadIf.Model.EDIFDB.EDIFLexer.Init(System.Collections.Generic.List{System.String})">
            <summary>
            Lexer의 Context를 신규생성하고 초기값으로 설정
            </summary>
            <param name="lines"></param>
        </member>
        <member name="M:Pentacube.CAx.ECAD.LcadIf.Model.EDIFDB.EDIFLexer.GetNextCharacter">
            <summary>
            문서 내 Character를 CurrContext.CurrCharacter에 담아온다.
            </summary>
        </member>
        <member name="P:Pentacube.CAx.ECAD.LcadIf.Model.EDIFDB.EDIFLexerContext.PositionOnLine">
            <summary>
            한줄 내 캐릭터의 위치 ColumnPosition
            </summary>
        </member>
        <member name="M:Pentacube.CAx.ECAD.LcadIf.Model.EDIFDB.EDIFNode.GetEDIFVersion">
            <summary>
            EDIF Version 중 Major 버젼을 리턴한다.
            </summary>
            <param name="rootNode"></param>
            <returns>normally 2 or 3, if fail to fetch, return -1</returns>
        </member>
        <member name="M:Pentacube.CAx.ECAD.LcadIf.Model.EDIFDB.EDIFNode.GetCADName">
            <summary>
            EDIF 가 추출한 CAD 종류를 리턴한다.
            </summary>
            <returns>if fail, return NONE</returns>
        </member>
        <member name="M:Pentacube.CAx.ECAD.LcadIf.Model.EDIF.Common.LispNodeExt.GetNodeValue(Pentacube.CAx.ECAD.LcadIf.Parser.LispTreeNodeBase)">
            <summary>
            node가 LispLikeTreeNode인 경우 Value의 Text를 가져옵니다
            </summary>
            <param name="node"></param>
            <returns></returns>
        </member>
        <member name="M:Pentacube.CAx.ECAD.LcadIf.Model.EDIF.Common.LispNodeExt.GetTextValue(Pentacube.CAx.ECAD.LcadIf.Parser.LispTreeNodeBase)">
            <summary>
            node가 문자열 리터럴 관련 node일 경우 Text를 가져옵니다
            </summary>
            <param name="node"></param>
            <returns></returns>
        </member>
        <member name="M:Pentacube.CAx.ECAD.LcadIf.Model.EDIF.Common.LispNodeExt.GetNumericValue(Pentacube.CAx.ECAD.LcadIf.Parser.LispTreeNodeBase)">
            <summary>
            node가 숫자형인 경우 값을 가져옵니다.
            </summary>
            <param name="node"></param>
            <returns></returns>
        </member>
        <member name="M:Pentacube.CAx.ECAD.LcadIf.Model.EDIF.Common.LispNodeExt.GetIdentify(Pentacube.CAx.ECAD.LcadIf.Parser.LispTreeNodeGroup)">
            <summary>
            keyword 다음에 Identifier가 나오는 경우 해당 값을 가져옵니다.
            </summary>
            <returns></returns>
        </member>
        <member name="M:Pentacube.CAx.ECAD.LcadIf.Model.EDIF.Common.LispNodeExt.GetNameDefIdentify(Pentacube.CAx.ECAD.LcadIf.Parser.LispTreeNodeBase)">
            <summary>
            keyword 다음에 Identifier가 나오는 경우 값을 가져옵니다.
            </summary>
            <param name="nameDefNode"></param>
            <returns></returns>
        </member>
        <member name="M:Pentacube.CAx.ECAD.LcadIf.Model.EDIF.Common.LispNodeExt.GetRealName(Pentacube.CAx.ECAD.LcadIf.Parser.LispTreeNodeGroup)">
            <summary>
            keyword 다음에 Identifier가 나오는 경우 해당 값을 가져옵니다.
            </summary>
            <returns></returns>
        </member>
        <member name="M:Pentacube.CAx.ECAD.LcadIf.Model.EDIF.Common.LispNodeExt.GetRealName(Pentacube.CAx.ECAD.LcadIf.Parser.LispTreeNodeBase)">
            <summary>
            keyword 다음에 Identifier가 나오는 경우 값을 가져옵니다.
            </summary>
            <param name="nameDefNode"></param>
            <returns></returns>
        </member>
        <member name="P:Pentacube.CAx.ECAD.LcadIf.Model.EDIF.Common.PropertyData.ID">
            <summary>
            Property를 식별하기 위한 ID
            </summary>
        </member>
        <member name="P:Pentacube.CAx.ECAD.LcadIf.Model.EDIF.Common.PropertyData.Name">
            <summary>
            Property의 실제 이름
            </summary>
        </member>
        <member name="P:Pentacube.CAx.ECAD.LcadIf.Model.EDIF.Common.PropertyData.Value">
            <summary>
            Property의 값
            </summary>
        </member>
        <member name="P:Pentacube.CAx.ECAD.LcadIf.Model.EDIF.Common.PropertyData.Unit">
            <summary>
            Property에 설정된 단위
            </summary>
        </member>
        <member name="P:Pentacube.CAx.ECAD.LcadIf.Model.EDIF.Common.PropertyData.Properties">
            <summary>
            하위 프로퍼티 목록
            </summary>
        </member>
        <member name="M:Pentacube.CAx.ECAD.LcadIf.Model.EDIF.Common.PropertyData.Parse(Pentacube.CAx.ECAD.LcadIf.Parser.LispTreeNodeBase)">
            <summary>
            노드에서 Property 값을 파싱합니다
            </summary>
            <param name="node"></param>
            <returns></returns>
        </member>
        <member name="M:Pentacube.CAx.ECAD.LcadIf.Model.EDIF.Common.PropertyDataTool.ConvertByPropData(Pentacube.CAx.ECAD.LcadIf.Model.EDIF.Common.PropertyData)">
            <summary>
            EDIF 2에서 읽은 Property값을 PLDB의 Attr로 변환
            </summary>
            <param name="prop"></param>
            <returns></returns>
        </member>
        <member name="P:Pentacube.CAx.ECAD.LcadIf.Model.EDIF.EDIF2Parser.DistanceCorrection">
            <summary>
            Unit-Distance 보정값
            실제 EDF 좌표계로는 모든 좌표가 매우 작기 때문에 이를 보정해주기 위한 값
            </summary>
        </member>
        <member name="P:Pentacube.CAx.ECAD.LcadIf.Model.EDIF.EDIF2Parser.VendorCodePropertyNames">
            <summary>
            Part의 Vendor Code를 설정하기 위한 값.
            Part 내의 Attr.PROPERTY를 읽어, 해당 이름과 일치하는 경우 그 값으로 설정됩니다.
            단, 일치하는 경우가 없다면, Part의 Reference로 설정됩니다.
            </summary>
        </member>
        <member name="P:Pentacube.CAx.ECAD.LcadIf.Model.EDIF.EDIF2Parser.RoundDecimals">
            <summary>
            값을 소수점 몇 째자리에서 Rounding할 건지 지정합니다.
            </summary>
        </member>
        <member name="T:Pentacube.CAx.ECAD.LcadIf.Model.EDIF.EDIF2Parser.LibraryData">
            <summary>
            EDIF 2의 Library에 있는 값들을 쉽게 처리할 수 있도록 만들어주는 sub 자료구조
            </summary>
        </member>
        <member name="P:Pentacube.CAx.ECAD.LcadIf.Model.EDIF.EDIF2Parser.LibraryData.LibraryID">
            <summary>
            Library의 ID
            </summary>
        </member>
        <member name="P:Pentacube.CAx.ECAD.LcadIf.Model.EDIF.EDIF2Parser.LibraryData.NumDifinition">
            <summary>
            Library에 설정된 Number 정의
            </summary>
        </member>
        <member name="P:Pentacube.CAx.ECAD.LcadIf.Model.EDIF.EDIF2Parser.LibraryData.FigureGroups">
            <summary>
            Figure Group 목록
            </summary>
        </member>
        <member name="M:Pentacube.CAx.ECAD.LcadIf.Model.EDIF.EDIF2Parser.LibraryData.Create(Pentacube.CAx.ECAD.LcadIf.Parser.LispTreeNodeBase,System.Double)">
             <summary>
            
             </summary>
             <param name="libraryNode"></param>
             <param name="distanceCorrection">거리(Distance) 값 보정치</param>
             <returns></returns>
        </member>
        <member name="M:Pentacube.CAx.ECAD.LcadIf.Model.EDIF.EDIF2Parser.SetVendorCode(Pentacube.CAx.ECAD.LcadIf.Model.PLDB.Part)">
            <summary>
            대상 Part에 VendorCode를 설정합니다.
            1. Property Key(VendorCodePropertyNames)를 순차적으로 탐색해 있을 경우 벤더 코드를 설정
            2. 만약 벤더 코드가 설정되지 않았다면, Reference를 벤더 코드로 설정
            </summary>
            <param name="part"></param>
        </member>
        <member name="P:Pentacube.CAx.ECAD.LcadIf.Model.EDIF.EDIF3Parser.DistanceCorrection">
            <summary>
            Unit-Distance 보정값
            실제 EDF 좌표계로는 모든 좌표가 매우 작기 때문에 이를 보정해주기 위한 값
            EDIF 3.0 이상에서는 보정값 1 이 Default
            </summary>
        </member>
        <member name="P:Pentacube.CAx.ECAD.LcadIf.Model.EDIF.EDIF3Parser.LibraryData.LibraryID">
            <summary>
            Library의 ID
            </summary>
        </member>
        <member name="P:Pentacube.CAx.ECAD.LcadIf.Model.EDIF.EDIF3Parser.LibraryData.PhysicalScaling">
            <summary>
            Library에 설정된 Scaling 정의
            </summary>
        </member>
        <member name="M:Pentacube.CAx.ECAD.LcadIf.Model.EDIF.EDIF3Parser.LibraryData.Create(Pentacube.CAx.ECAD.LcadIf.Parser.LispTreeNodeBase,System.Double)">
            <summary>
            
            </summary>
            <param name="libraryNode"></param>
            <param name="distanceCorrection">거리(Distance) 값 보정치</param>
            <returns></returns>
        </member>
        <member name="M:Pentacube.CAx.ECAD.LcadIf.Model.EDIF.EDIF3Parser.SetVendorCode(Pentacube.CAx.ECAD.LcadIf.Model.PLDB.Part)">
            <summary>
            대상 Part에 VendorCode를 설정합니다.
            1. Property Key(VendorCodePropertyNames)를 순차적으로 탐색해 있을 경우 벤더 코드를 설정
            2. 만약 벤더 코드가 설정되지 않았다면, Reference를 벤더 코드로 설정
            </summary>
            <param name="part"></param>
        </member>
        <member name="M:Pentacube.CAx.ECAD.LcadIf.Model.EDIF.EDIFParserBase.Parse">
            <summary>
            EDIF 파일을 파싱하여 내부에 있는 Design 정보를 불러옵니다.
            </summary>
            <returns></returns>
        </member>
        <member name="M:Pentacube.CAx.ECAD.LcadIf.Model.EDIF.EDIFParserBase.Create(Microsoft.Practices.Unity.IUnityContainer,System.String)">
            <summary>
            EDIF 파일을 읽어 가장 적합한 파서를 생성합니다.
            </summary>
            <param name="container">Unity Container</param>
            <param name="sourceFilePath">EDIF 파일 경로</param>
            <returns>파서</returns>
        </member>
        <member name="P:Pentacube.CAx.ECAD.LcadIf.Model.PartSpec.Adapter.ConnectorSpec.Current">
            <summary>
            정격전류
            </summary>
        </member>
        <member name="P:Pentacube.CAx.ECAD.LcadIf.Model.PartSpec.Adapter.DiodeSpec.AnodePinNum">
            <summary>
            반도체 PN접합 중 P형반도체(Anode)면에 대응되는 핀
            모델형상에서 삼각형 방향이 순방향이며, 삼각형중 넓은면(from side)의 핀번호를 의미
            전류는 P -> N형반도체(Cathode) 로만 흐를수 있음.
            큰 역접압 인가 시(-50V 이상) 소자항복(avalanche breakdown)되어 역방향으로 전류흐르고 소자망가짐
            </summary>
        </member>
        <member name="P:Pentacube.CAx.ECAD.LcadIf.Model.PartSpec.Adapter.LedDiodeSpec.ForwardCurrent">
            <summary>
            순방향 (P -> N, Anode -> Cathode) 전류
            </summary>
        </member>
        <member name="P:Pentacube.CAx.ECAD.LcadIf.Model.PartSpec.Adapter.LedDiodeSpec.ForwardVoltage">
            <summary>
            순방향 (P -> N, Anode -> Cathode) 전압
            </summary>
        </member>
        <member name="M:Pentacube.CAx.ECAD.LcadIf.Model.PartSpec.Adapter.PartSpecBase.Reset">
             <summary>
            
             </summary>
        </member>
        <member name="P:Pentacube.CAx.ECAD.LcadIf.Model.PartSpec.Adapter.SchottkyDiodeSpec.AnodePinNum">
            <summary>
            반도체 PN접합 중 P형반도체(Anode)면에 대응되는 핀
            모델형상에서 삼각형 방향이 순방향이며, 삼각형중 넓은면(from side)의 핀번호를 의미
            전류는 P -> N형반도체(Cathode) 로만 흐를수 있음.
            큰 역접압 인가 시(-50V 이상) 소자항복(avalanche breakdown)되어 역방향으로 전류흐르고 소자망가짐
            </summary>
        </member>
        <member name="P:Pentacube.CAx.ECAD.LcadIf.Model.PartSpec.Adapter.TvsDiodeSpec.AnodePinNum">
            <summary>
            반도체 PN접합 중 P형반도체(Anode)면에 대응되는 핀
            모델형상에서 삼각형 방향이 순방향이며, 삼각형중 넓은면(from side)의 핀번호를 의미
            전류는 P -> N형반도체(Cathode) 로만 흐를수 있음.
            큰 역접압 인가 시(-50V 이상) 소자항복(avalanche breakdown)되어 역방향으로 전류흐르고 소자망가짐
            </summary>
        </member>
        <member name="P:Pentacube.CAx.ECAD.LcadIf.Model.PartSpec.Adapter.TvsDiodeSpec.Direction">
            <summary>
            TVS는 기본적으로 Bi-Direction이나 단방향 TVS도 존재함.
            </summary>
        </member>
        <member name="P:Pentacube.CAx.ECAD.LcadIf.Model.PartSpec.Adapter.ZenerDiodeSpec.AnodePinNum">
            <summary>
            반도체 PN접합 중 P형반도체(Anode)면에 대응되는 핀
            모델형상에서 삼각형 방향이 순방향이며, 삼각형중 넓은면(from side)의 핀번호를 의미
            전류는 P -> N형반도체(Cathode) 로만 흐를수 있음.
            큰 역접압 인가 시(-50V 이상) 소자항복(avalanche breakdown)되어 역방향으로 전류흐르고 소자망가짐
            </summary>
        </member>
        <member name="P:Pentacube.CAx.ECAD.LcadIf.Model.PartSpec.Adapter.ZenerDiodeSpec.ZenerVoltage">
            <summary>
            다이오드 항복현상이 발생하는 전압
            제너는 이 현상을 이용하여 제너 좌단에 예상치 못한 높은 전압이 걸리더라도 제너 우단은 일정한 제너전압이 걸리도록 함. 그래서 정전압 다이오드라 함
            </summary>
        </member>
        <member name="M:Pentacube.CAx.ECAD.LcadIf.Model.PartSpec.Error.PartSpecErrorChecker.CheckOneSpecErrors(Pentacube.CAx.ECAD.LcadIf.Model.PartSpec.PartSpec)">
            <summary>
            등록된 단일 PartSpec의 모든 Error를 일괄 체크합니다.
            </summary>
            <param name="spec"></param>
        </member>
        <member name="M:Pentacube.CAx.ECAD.LcadIf.Model.PartSpec.Error.PartSpecErrorChecker.CheckAllSpecErrors">
            <summary>
            등록된 모든 PartSpec의 Error를 일괄 체크합니다.
            </summary>
        </member>
        <member name="M:Pentacube.CAx.ECAD.LcadIf.Model.PartSpec.Error.PartSpecErrorChecker.CheckOneSpecErrorsIgnoreDuplicateVendorCode(Pentacube.CAx.ECAD.LcadIf.Model.PartSpec.PartSpec)">
            <summary>
            등록된 단일 PartSpec의 모든 Error를 일괄 체크합니다.
            Duplicate Vendor Code는 체크하지 않습니다.
            </summary>
            <param name="spec"></param>
        </member>
        <member name="M:Pentacube.CAx.ECAD.LcadIf.Model.PartSpec.Error.PartSpecErrorChecker.CheckPropertyChangedError(System.Object,System.ComponentModel.PropertyChangedEventArgs)">
            <summary>
            Property Changed 이벤트가 발생할 때의 에러를 체크합니다.
            </summary>
            <param name="sender"></param>
            <param name="e"></param>
        </member>
        <member name="M:Pentacube.CAx.ECAD.LcadIf.Model.PartSpec.Error.PartSpecErrorChecker.CheckEmptyVendorCode(Pentacube.CAx.ECAD.LcadIf.Model.PartSpec.PartSpec)">
            <summary>
            Vendor Code가 비어있는지 확인합니다.
            </summary>
            <param name="spec"></param>
        </member>
        <member name="M:Pentacube.CAx.ECAD.LcadIf.Model.PartSpec.Error.PartSpecErrorChecker.CheckResistorNotSetPackageSize(Pentacube.CAx.ECAD.LcadIf.Model.PartSpec.PartSpec)">
            <summary>
            저항의 Package Size가 설정되었는지 확인합니다.
            </summary>
            <param name="spec"></param>
        </member>
        <member name="M:Pentacube.CAx.ECAD.LcadIf.Model.PartSpec.Error.PartSpecErrorChecker.CheckDuplicatePinNum(Pentacube.CAx.ECAD.LcadIf.Model.PartSpec.PartSpec)">
            <summary>
            저항의 Package Size가 설정되었는지 확인합니다.
            </summary>
            <param name="spec"></param>
        </member>
        <member name="M:Pentacube.CAx.ECAD.LcadIf.Model.PartSpec.Error.PartSpecErrorChecker.CheckDuplicationVendorCode">
            <summary>
            모든 PartSpec을 체크해 Duplicate Vendor Code 에러를 설정합니다.
            </summary>
        </member>
        <member name="M:Pentacube.CAx.ECAD.LcadIf.Model.PartSpec.Error.PartSpecErrorChecker.CheckSummaryError(System.Collections.Generic.IEnumerable{Pentacube.CAx.ECAD.LcadIf.Model.PartSpec.PartSpec})">
            <summary>
            PartSpec 목록을 받아, Error를 불러옵니다.
            </summary>
            <param name="specs"></param>
            <returns></returns>
        </member>
        <member name="M:Pentacube.CAx.ECAD.LcadIf.Model.PartSpec.Error.PartSpecErrorChecker.ExistSummaryError(System.Collections.Generic.IEnumerable{Pentacube.CAx.ECAD.LcadIf.Model.PartSpec.PartSpec})">
            <summary>
            PartSpec 목록을 받아 오류가 있는지 확인합니다.
            </summary>
            <param name="specs"></param>
            <returns></returns>
        </member>
        <member name="P:Pentacube.CAx.ECAD.LcadIf.Model.PartSpec.PartSpec.Item(System.String)">
            <summary>
            IDataErrorInfo 구현, cell error는 표시하지 않기 때문에 항상 null
            </summary>
            <param name="columnName"></param>
            <returns></returns>
        </member>
        <member name="P:Pentacube.CAx.ECAD.LcadIf.Model.PartSpec.PartSpec.Direction">
            <summary>
            TVS는 기본적으로 Bi-Direction이나 단방향 TVS도 존재함.
            </summary>
        </member>
        <member name="M:Pentacube.CAx.ECAD.LcadIf.Model.PartSpec.PartSpec.Reset">
            <summary>
            Classification을 제외한 모든 데이터를 초기화합니다.
            </summary>
        </member>
        <member name="M:Pentacube.CAx.ECAD.LcadIf.Model.PartSpec.SpecAdapterAttributeExt.CreateStandardAdapter(Pentacube.CAx.ECAD.LcadIf.Model.PartSpec.PartSpec)">
            <summary>
            각 Classification에 적합한 Spec Adapter를 생성합니다.
            </summary>
            <param name="spec">대상 Spec</param>
            <returns>생성된 Spec Adapter</returns>
        </member>
        <member name="T:Pentacube.CAx.ECAD.LcadIf.Model.PLDB.Attr">
             <summary>
            
             </summary>
        </member>
        <member name="P:Pentacube.CAx.ECAD.LcadIf.Model.PLDB.Attr.SheetName">
            <summary>
            Attribute가 어떤 시트에 존재하는지 나타냅니다.
            </summary>
        </member>
        <member name="P:Pentacube.CAx.ECAD.LcadIf.Model.PLDB.Attr.Type">
            <summary>
            Attribute 타입을 지정합니다. 그룹을 나누기 위해 사용됩니다.
            </summary>
        </member>
        <member name="P:Pentacube.CAx.ECAD.LcadIf.Model.PLDB.Attr.Key">
            <summary>
            Attribute를 식별하기 위한 Key
            </summary>
        </member>
        <member name="P:Pentacube.CAx.ECAD.LcadIf.Model.PLDB.Attr.Value">
            <summary>
            Attribute의 값
            </summary>
        </member>
        <member name="M:Pentacube.CAx.ECAD.LcadIf.Model.PLDB.Draw.WPF.DrawMachine.FindOverLineRanges(System.String)">
            <summary>
            입력된 Text의 Overline 범위(index-count) 목록을 추출한다.
            일반 문자 다음에 BackSlash(\)가 나오는 경우 해당 문자는 Overline을 가진다.
            </summary>
            <param name="text">입력 Text</param>
            <returns></returns>
        </member>
        <member name="M:Pentacube.CAx.ECAD.LcadIf.Model.PLDB.Draw.WPF.GeomCreator.Draw(Pentacube.CAx.ECAD.LcadIf.Model.PLDB.Graphic.Geom.PathItem,System.Windows.Media.StreamGeometryContext,System.Windows.Point)">
            <summary>
            직전 Point와 연결될 Line/Arc를 drawContext상에 그리고 현재 Point를 리턴합니다.
            </summary>
            <param name="pathItem"></param>
            <param name="drawContext"></param>
            <param name="prevPoint"></param>
            <returns></returns>
        </member>
        <member name="T:Pentacube.CAx.ECAD.LcadIf.Model.PLDB.Draw.WPF.PLDBDrawingVisual">
            <summary>
            Transform이 제어되는 DrawingVisual 객체입니다.
            
            이 타입에서는 헝가리안 표기법을 사용합니다.
            
            다음 접두사에 따라 같은 타입이라도 계산 방식이 달라질 수 있습니다. (대소문자 구별 없음)
            w/wpf: WPF의 좌표로 계산되는 타입, c/cad: CAD 좌표로 계산되는 타입
            </summary>
        </member>
        <member name="P:Pentacube.CAx.ECAD.LcadIf.Model.PLDB.Draw.WPF.PLDBDrawingVisual.Scale">
            <summary>
            현재 Scale
            </summary>
        </member>
        <member name="P:Pentacube.CAx.ECAD.LcadIf.Model.PLDB.Draw.WPF.PLDBDrawingVisual.MinScale">
            <summary>
            최소 스케일 크기를 지정합니다.
            기본값: 0.025 (2.5%), 최소: 0.001 (0.1%)
            </summary>
        </member>
        <member name="P:Pentacube.CAx.ECAD.LcadIf.Model.PLDB.Draw.WPF.PLDBDrawingVisual.MaxScale">
            <summary>
            최대 스케일 크기를 지정합니다.
            기본값: 5.0 (500%), 최대: 10.0 (1000%)
            </summary>
        </member>
        <member name="P:Pentacube.CAx.ECAD.LcadIf.Model.PLDB.Draw.WPF.PLDBDrawingVisual.RelativeScaleDelta">
            <summary>
            상대적 Scale Up/Down시 크기를 얼마나 조정할지 지정합니다.
            Up/Down시 크기가 (1 ± RelativeScaleDelta)배로 변경됩니다.
            </summary>
        </member>
        <member name="P:Pentacube.CAx.ECAD.LcadIf.Model.PLDB.Draw.WPF.PLDBDrawingVisual.IsInitialized">
            <summary>
            객체의 초기화 여부
            </summary>
        </member>
        <member name="P:Pentacube.CAx.ECAD.LcadIf.Model.PLDB.Draw.WPF.PLDBDrawingVisual.CanvasSize">
            <summary>
            해당 Visual이 그려지는 Canvas의 크기
            Zoom Area/Fit에서 사용됩니다.
            </summary>
        </member>
        <member name="M:Pentacube.CAx.ECAD.LcadIf.Model.PLDB.Draw.WPF.PLDBDrawingVisual.RunAction(System.Action{Pentacube.CAx.ECAD.LcadIf.Model.PLDB.Draw.WPF.PLDBDrawingVisual})">
            <summary>
            PLDB DV 객체를 제어합니다.
            Initialize가 실행된 뒤에만 실행될 수 있습니다.
            </summary>
            <param name="action"></param>
        </member>
        <member name="M:Pentacube.CAx.ECAD.LcadIf.Model.PLDB.Draw.WPF.PLDBDrawingVisual.SetScaleRange(System.Double,System.Double)">
            <summary>
            최대/최소 Scale 수치를 조정합니다.
            </summary>
            <param name="minScale">
            최소 스케일 크기를 지정합니다.
            기본값: 0.025 (2.5%), 최소: 0.001 (0.1%)
            </param>
            <param name="maxScale">
            최대 스케일 크기를 지정합니다.
            기본값: 5.0 (500%), 최대: 10.0 (1000%)
            </param>
        </member>
        <member name="M:Pentacube.CAx.ECAD.LcadIf.Model.PLDB.Draw.WPF.PLDBDrawingVisual.ZoomFit">
            <summary>
            Sheet의 Bound Box를 캔버스에 맞춥니다. 
            </summary>
        </member>
        <member name="M:Pentacube.CAx.ECAD.LcadIf.Model.PLDB.Draw.WPF.PLDBDrawingVisual.ZoomFit(System.Func{System.Windows.Size,System.Windows.Thickness})">
            <summary>
            Sheet의 Bound Box를 캔버스에 맞춥니다. 
            Bound Box의 Size로 Margin을 추가합니다.
            </summary>
            <param name="cadSizeTocMargin"></param>
        </member>
        <member name="M:Pentacube.CAx.ECAD.LcadIf.Model.PLDB.Draw.WPF.PLDBDrawingVisual.ZoomFit(System.Windows.Thickness)">
            <summary>
            
            </summary>
            <param name="cadMargin"></param>
        </member>
        <member name="M:Pentacube.CAx.ECAD.LcadIf.Model.PLDB.Draw.WPF.PLDBDrawingVisual.ChangeScale(System.Double,System.Windows.Point)">
            <summary>
            Scale을 변경합니다.
            </summary>
            <param name="scale"></param>
            <param name="wpfDatumPoint">Scale을 변경할 때 사용하는 기준 좌표입니다. (WPF)</param>
        </member>
        <member name="M:Pentacube.CAx.ECAD.LcadIf.Model.PLDB.Graphic.Geom.GeomBase.Scale(System.Double,System.Double)">
            <summary>
            모든 값의 좌표계를 수정합니다.
            </summary>
            <param name="xScale">x</param>
            <param name="yScale">y</param>
        </member>
        <member name="P:Pentacube.CAx.ECAD.LcadIf.Model.PLDB.Graphic.Geom.PathArc.Start">
            <summary>
            Arc상의 시작점
            </summary>
        </member>
        <member name="P:Pentacube.CAx.ECAD.LcadIf.Model.PLDB.Graphic.Geom.PathArc.Middle">
            <summary>
            ARC상의 한점 (시작점 ~ 종료점 사이)
            </summary>
        </member>
        <member name="P:Pentacube.CAx.ECAD.LcadIf.Model.PLDB.Graphic.Geom.PathArc.End">
            <summary>
            ARC상의 끝점
            </summary>
        </member>
        <member name="P:Pentacube.CAx.ECAD.LcadIf.Model.PLDB.Graphic.GraphicInfo.Parent">
            <summary>
            해당 인스턴스가 표현할 개체
            </summary>
        </member>
        <member name="P:Pentacube.CAx.ECAD.LcadIf.Model.PLDB.Graphic.GraphicInfo.SheetName">
            <summary>
            해당 인스턴스가 어느 시트에 표현되는지를 나타내는 정보
            </summary>
        </member>
        <member name="P:Pentacube.CAx.ECAD.LcadIf.Model.PLDB.Graphic.GraphicInfo.ShapeDisplays">
            <summary>
            텍스트를 제외한 형상을 어떻게 화면에 나타낼지에 대한 정보
            </summary>
        </member>
        <member name="P:Pentacube.CAx.ECAD.LcadIf.Model.PLDB.Graphic.GraphicInfo.AttrDisplays">
            <summary>
            속성을 어떻게 화면에 나타낼지에 대한 정보
            </summary>
        </member>
        <member name="M:Pentacube.CAx.ECAD.LcadIf.Model.PLDB.Graphic.IConvertableObject.Scale(System.Double,System.Double)">
            <summary>
            모든 값의 좌표계를 수정합니다.
            </summary>
            <param name="scaleX">x</param>
            <param name="scaleY">y</param>
        </member>
        <member name="M:Pentacube.CAx.ECAD.LcadIf.Model.PLDB.Helper.Comparing.ItemEquals``1(System.Collections.Generic.IList{``0},System.Collections.Generic.IList{``0})">
            <summary>
            두 리스트의 크기와 item 목록이 동일한지 비교합니다.
            </summary>
            <typeparam name="T"></typeparam>
            <param name="list1"></param>
            <param name="list2"></param>
            <returns></returns>
        </member>
        <member name="M:Pentacube.CAx.ECAD.LcadIf.Model.PLDB.Helper.Comparing.GetItemsHashCode``1(System.Collections.Generic.IList{``0},System.Func{System.Int32,System.Int32,System.Int32})">
            <summary>
            
            </summary>
            <typeparam name="T"></typeparam>
            <param name="list"></param>
            <param name="aggregateFunc">Item 간의 HashCode 누적에 사용되는 함수 기본은 Xor 연산입니다.</param>
            <returns></returns>
        </member>
        <member name="P:Pentacube.CAx.ECAD.LcadIf.Model.PLDB.IGraphicalObject.Attributes">
            <summary>
            Object의 속성
            </summary>
        </member>
        <member name="P:Pentacube.CAx.ECAD.LcadIf.Model.PLDB.IGraphicalObject.Graphics">
            <summary>
            Object의 그래픽 표현 정보
            </summary>
        </member>
        <member name="T:Pentacube.CAx.ECAD.LcadIf.Model.PLDB.Net">
            <summary>
            Part간의 논리적 연결을 나타냅니다.
            </summary>
        </member>
        <member name="P:Pentacube.CAx.ECAD.LcadIf.Model.PLDB.Net.Name">
            <summary>
            Net의 이름
            </summary>
        </member>
        <member name="P:Pentacube.CAx.ECAD.LcadIf.Model.PLDB.Net.ConnectedPins">
            <summary>
            Net과 연결된 Part의 Pin 목록
            </summary>
        </member>
        <member name="M:Pentacube.CAx.ECAD.LcadIf.Model.PLDB.Net.MergeNets(System.String,System.Collections.Generic.IEnumerable{Pentacube.CAx.ECAD.LcadIf.Model.PLDB.Net})">
            <summary>
            다수의 Net을 하나의 Net으로 합칩니다.
            </summary>
            <param name="netName"></param>
            <param name="nets"></param>
            <returns></returns>
        </member>
        <member name="M:Pentacube.CAx.ECAD.LcadIf.Model.PLDB.Net.SplitBySheet">
            <summary>
            합쳐진 Net을 시트별 Net으로 분리
            </summary>
            <returns>시트별로 분리된 Net</returns>
        </member>
        <member name="T:Pentacube.CAx.ECAD.LcadIf.Model.PLDB.Part">
            <summary>
            도면의 부품 정보를 나타냅니다.
            </summary>
        </member>
        <member name="P:Pentacube.CAx.ECAD.LcadIf.Model.PLDB.Part.ID">
            <summary>
            부품 ID
            </summary>
        </member>
        <member name="P:Pentacube.CAx.ECAD.LcadIf.Model.PLDB.Part.Name">
            <summary>
            부품 이름
            </summary>
        </member>
        <member name="P:Pentacube.CAx.ECAD.LcadIf.Model.PLDB.Part.Reference">
            <summary>
            부품의 식별자
            </summary>
        </member>
        <member name="P:Pentacube.CAx.ECAD.LcadIf.Model.PLDB.Part.Pins">
            <summary>
            부품의 Pin 목록
            </summary>
        </member>
        <member name="T:Pentacube.CAx.ECAD.LcadIf.Model.PLDB.Pin">
            <summary>
            Part의 Pin을 표현합니다.
            부모 Part가 항상 존재하며, 연결된 Net이 존재할 수 있습니다.
            </summary>
        </member>
        <member name="P:Pentacube.CAx.ECAD.LcadIf.Model.PLDB.Pin.ParentPart">
            <summary>
            해당 Pin을 가진 Part.
            이 값은 null이 될 수 없습니다.
            </summary>
        </member>
        <member name="P:Pentacube.CAx.ECAD.LcadIf.Model.PLDB.Pin.ConnectedNet">
            <summary>
            해당 Pin에 연결된 Net.
            이 값은 null이 될 수 있습니다.
            </summary>
        </member>
        <member name="P:Pentacube.CAx.ECAD.LcadIf.Model.PLDB.Pin.Name">
            <summary>
            Pin의 이름
            </summary>
        </member>
        <member name="P:Pentacube.CAx.ECAD.LcadIf.Model.PLDB.Pin.Num">
            <summary>
            Pin의 Number.
            Attr에서는 REFERENCE 되어 있습니다.
            </summary>
        </member>
        <member name="T:Pentacube.CAx.ECAD.LcadIf.Model.PLDB.IndexedSet`1">
            <summary>
            인덱스 기반의 Set입니다. 요소의 Index를 쉽게 가져올 수 있습니다.
            단, Index는 1부터 시작합니다.
            이 목록의 모든 동작은 thread-safe합니다.
            </summary>
            <typeparam name="T"></typeparam>
        </member>
        <member name="M:Pentacube.CAx.ECAD.LcadIf.Model.PLDB.IndexedSet`1.GetIndex(`0)">
            <summary>
            Set에서 item의 Index를 가져옵니다.
            만약 Set에 존재하지 않을 경우 마지막 위치에 요소를 추가하고 인덱스를 가져옵니다.
            </summary>
            <param name="item">Index를 확인할 요소</param>
            <returns>입력된 item의 Index</returns>
        </member>
        <member name="T:Pentacube.CAx.ECAD.LcadIf.Model.PLDB.Sheet">
            <summary>
            회로도의 한 페이지를 나타냅니다.
            </summary>
        </member>
        <member name="P:Pentacube.CAx.ECAD.LcadIf.Model.PLDB.Sheet.Nets">
            <summary>
            시트에 포함된 넷 목록
            </summary>
        </member>
        <member name="P:Pentacube.CAx.ECAD.LcadIf.Model.PLDB.Sheet.Parts">
            <summary>
            시트에 포함된 파트 목록
            </summary>
        </member>
        <member name="F:Pentacube.CAx.ECAD.LcadIf.Model.NetConf.eNetGroupError.EmptyName">
            <summary>
            Net Group에 이름이 설정되지 않은 경우
            </summary>
        </member>
        <member name="F:Pentacube.CAx.ECAD.LcadIf.Model.NetConf.eNetGroupError.PowerInvalidVoltage">
            <summary>
            전원에 유효하지 않은 전압이 설정된 경우.
            Power != NaN, Infinity and Power >= 0.0
            </summary>
        </member>
        <member name="F:Pentacube.CAx.ECAD.LcadIf.Model.NetConf.eNetGroupError.GroundInvalidVoltage">
            <summary>
            Ground에 유효하지 않은 전압이 설정된 경우.
            Ground == 0.0
            </summary>
        </member>
        <member name="F:Pentacube.CAx.ECAD.LcadIf.Model.NetConf.eNetGroupError.SignalInvalidVoltage">
            <summary>
            신호에 유효하지 않은 전압이 설정된 경우.
            Signal == null
            </summary>
        </member>
        <member name="F:Pentacube.CAx.ECAD.LcadIf.Model.NetConf.eNetGroupListError.NotContainPower">
            <summary>
            목록에 전원이 없는 경우
            </summary>
        </member>
        <member name="F:Pentacube.CAx.ECAD.LcadIf.Model.NetConf.eNetGroupListError.NotContainGround">
            <summary>
            목록에 Ground가 없는 경우
            </summary>
        </member>
        <member name="F:Pentacube.CAx.ECAD.LcadIf.Model.NetConf.eNetGroupListError.ExistNetGroupError">
            <summary>
            목록의 하나 이상의 항목에 에러가 있는 경우
            </summary>
        </member>
        <member name="F:Pentacube.CAx.ECAD.LcadIf.Model.NetConf.eNetGroupListError.ExistDuplicateGroupName">
            <summary>
            목록에 동일한 이름을 가진 Net Group이 있는 경우
            </summary>
        </member>
        <member name="M:Pentacube.CAx.ECAD.LcadIf.Model.NetConf.NetGroupTool.ExistError(Pentacube.CAx.ECAD.LcadIf.Model.NetConf.INetGroup)">
            <summary>
            설정된 NetGroup에 오류가 있는지 확인합니다.
            </summary>
            <param name="netGroup"></param>
            <returns></returns>
        </member>
        <member name="M:Pentacube.CAx.ECAD.LcadIf.Model.NetConf.NetGroupTool.GetGroupErrors(Pentacube.CAx.ECAD.LcadIf.Model.NetConf.INetGroup)">
            <summary>
            대상 Net Group에 존재하는 에러 목록을 가져옵니다.
            </summary>
            <param name="netGroup"></param>
            <returns></returns>
        </member>
        <member name="M:Pentacube.CAx.ECAD.LcadIf.Model.NetConf.NetGroupTool.GetGroupListErrors(System.Collections.Generic.IEnumerable{Pentacube.CAx.ECAD.LcadIf.Model.NetConf.INetGroup})">
            <summary>
            Net Group 목록에 존재하는 에러 목록을 반환합니다.
            </summary>
            <param name="netGroups"></param>
            <returns></returns>
        </member>
        <member name="M:Pentacube.CAx.ECAD.LcadIf.Model.NetConf.NetGroupTool.IsInvalidVoltage(System.Double)">
            <summary>
            전압이 유효한 값인지 확인합니다.
            </summary>
            <param name="voltage">전압</param>
            <returns>NaN, infinity 혹은 0보다 작은 경우 유효하지 않습니다.</returns>
        </member>
        <member name="M:Pentacube.CAx.ECAD.LcadIf.NGSpice.NgSpiceSharp.Init">
            <summary>
            NGSpice를 초기화합니다. (Callback 함수 등록)
            </summary>
        </member>
        <member name="M:Pentacube.CAx.ECAD.LcadIf.NGSpice.NgSpiceSharp.LoadLibrary">
            <summary>
            사용자 PC의 OS Bit 을 확인하여 적절한 ngspice.dll을 Loading 한다.
            </summary>
        </member>
        <member name="M:Pentacube.CAx.ECAD.LcadIf.NGSpice.NgSpiceSharp.SendCharCallBack(System.String,System.Int32,System.IntPtr)">
            <summary>
            Spice를 실행한 결과를 받는 callback
            </summary>
            <param name="outputBufferArg">실행 결과 1 line</param>
            <param name="identityNo"></param>
            <param name="returnPointerFromCaller"></param>
            <returns></returns>
        </member>
        <member name="M:Pentacube.CAx.ECAD.LcadIf.NGSpice.NgSpiceSharp.SendStatCallBack(System.String,System.Int32,System.IntPtr)">
            <summary>
            Spice를 실행중인 상태를 받는 callback
            </summary>
            <param name="statusBuffer"></param>
            <param name="percent"></param>
            <param name="c"></param>
            <returns></returns>
        </member>
        <member name="F:Pentacube.CAx.ECAD.LcadIf.NGSpice.NgSpiceSharp.Lock">
            <summary>
            동시에 1개의 Spice만 돌아가도록 실행을 강제(lock)합니다.
            </summary>
        </member>
        <member name="F:Pentacube.CAx.ECAD.LcadIf.NGSpice.NgSpiceSharp.SpiceBuffer">
            <summary>
            Spice 결과를 임시 저장하는 버퍼
            </summary>
        </member>
        <member name="M:Pentacube.CAx.ECAD.LcadIf.NGSpice.NgSpiceSharp.ClearData``1(System.Collections.Concurrent.ConcurrentQueue{``0})">
            <summary>
            버퍼에 들어있는 데이터를 모두 지웁니다.
            </summary>
            <param name="buffer">대상 버퍼</param>
        </member>
        <member name="M:Pentacube.CAx.ECAD.LcadIf.NGSpice.NgSpiceSharp.GetData``1(System.Collections.Concurrent.ConcurrentQueue{``0})">
            <summary>
            버퍼에 들어있는 데이터를 모두 가져옵니다.
            </summary>
            <param name="buffer">대상 버퍼</param>
            <returns>버퍼에 들어있는 데이터</returns>
        </member>
        <member name="M:Pentacube.CAx.ECAD.LcadIf.NGSpice.NgSpiceSharp.RunSpice(System.String)">
            <summary>
            ngSpice.dll을 호출해 결과를 받아옵니다
            </summary>
            <param name="sourcePath">cir source 파일 경로</param>
            <returns>실행 결과</returns>
        </member>
        <member name="T:Pentacube.CAx.ECAD.LcadIf.NGSpice.SpiceRawResult">
            <summary>
            Spice 실행 결과 원본
            </summary>
        </member>
        <member name="P:Pentacube.CAx.ECAD.LcadIf.NGSpice.SpiceRawResult.Raws">
            <summary>
            타입과 상관없이, 먼저 출력된
            </summary>
        </member>
        <member name="P:Pentacube.CAx.ECAD.LcadIf.NGSpice.SpiceRawResult.Outs">
            <summary>
            Output Messages
            </summary>
        </member>
        <member name="P:Pentacube.CAx.ECAD.LcadIf.NGSpice.SpiceRawResult.Statuses">
            <summary>
            Status Messages
            </summary>
        </member>
        <member name="F:Pentacube.CAx.ECAD.LcadIf.Parser.LispBuffer._stream">
            <summary>
            Binary Stream
            </summary>
        </member>
        <member name="F:Pentacube.CAx.ECAD.LcadIf.Parser.LispBuffer._sourceEOF">
            <summary>
            source stream이 EOF에 위치하는지 확인
            </summary>
        </member>
        <member name="F:Pentacube.CAx.ECAD.LcadIf.Parser.LispBuffer._braketResidue">
            <summary>
            일반 문자를 확인 중 괄호 문자를 만났을 경우 임시 저장합니다
            </summary>
        </member>
        <member name="P:Pentacube.CAx.ECAD.LcadIf.Parser.LispBuffer.IsOpen">
            <summary>
            사용가능한지 확인합니다.
            </summary>
        </member>
        <member name="M:Pentacube.CAx.ECAD.LcadIf.Parser.LispBuffer.GetNextTokenLiteral">
            <summary>
            다음에 나오는 Token Literal을 반환합니다.
            다음 값이 없는 경우 null을 반환합니다.
            </summary>
            <returns></returns>
        </member>
        <member name="M:Pentacube.CAx.ECAD.LcadIf.Parser.LispBuffer.Unquote(System.Text.Encoding,System.String)">
            <summary>
            문자열에 있는 %{ASCII-BYTE}% 형태의 값(quote)을 인코딩에 맞춰 처리합니다.
            </summary>
            <param name="encoding"></param>
            <param name="str"></param>
            <returns></returns>
        </member>
        <member name="M:Pentacube.CAx.ECAD.LcadIf.Parser.LispBuffer.SkipWhitespaceAndGetFirstByte">
            <summary>
            stream의 현재 위치에 존재하는 모든 공백을 무시하고 처음으로 나오는 문자를 반환합니다.
            </summary>
            <returns></returns>
        </member>
        <member name="M:Pentacube.CAx.ECAD.LcadIf.Parser.LispBuffer.Close">
            <summary>
            스트림 / 파일을 닫습니다.
            </summary>
        </member>
        <member name="M:Pentacube.CAx.ECAD.LcadIf.Parser.LispParseTree.CreateTreeInner(Pentacube.CAx.ECAD.LcadIf.Parser.LispBuffer,Pentacube.CAx.ECAD.LcadIf.Parser.LispTreeNodeGroup)">
            <summary>
            재귀적으로 반복하여 Tree를 구성합니다.
            </summary>
            <param name="buffer"></param>
            <param name="parent"></param>
            <returns></returns>
        </member>
        <member name="M:Pentacube.CAx.ECAD.LcadIf.Parser.LispTreeNodeGroup.Is(System.String,System.String[])">
            <summary>
            해당 Group Node의 Keyword가 일치하는지 확인합니다.
            복수개의 키워드 중 하나를 확인하는 용도로 사용가능합니다.
            </summary>
            <param name="keyword"></param>
            <param name="otherKeywords"></param>
            <returns></returns>
        </member>
        <member name="M:Pentacube.CAx.ECAD.LcadIf.Parser.LispTreeNodeGroup.Find(System.String[])">
            <summary>
            해당 Node의 자식 중 입력된 키워드를 가진 Group을 찾습니다.
            키워드가 입력되지 않을 경우 모든 목록을 반환합니다.
            </summary>
            <param name="keywords"></param>
            <returns></returns>
        </member>
        <member name="M:Pentacube.CAx.ECAD.LcadIf.Parser.LispTreeNodeGroup.Find(System.Func{Pentacube.CAx.ECAD.LcadIf.Parser.LispTreeNodeGroup,System.Boolean})">
            <summary>
            조건을 만족하는 자식 Node Group을 가져옵니다.
            </summary>
            <param name="predicate"></param>
            <returns></returns>
        </member>
        <member name="M:Pentacube.CAx.ECAD.LcadIf.Parser.LispTreeNodeGroup.GetChildGroups">
            <summary>
            해당 Node의 자식 Group 목록을 반환합니다.
            </summary>
            <returns></returns>
        </member>
        <member name="M:Pentacube.CAx.ECAD.LcadIf.Parser.LispTreeNodeGroup.FindRecursive(System.String[])">
            <summary>
            하위에 있는 모든 NodeGroup을 순회하여, keyword가 일치하는 Node를 찾습니다.
            </summary>
            <param name="keywords">node의 keyword</param>
            <returns></returns>
        </member>
        <member name="M:Pentacube.CAx.ECAD.LcadIf.Parser.LispTreeNodeGroup.FindRecursive(System.Int32,System.String[])">
            <summary>
            하위에 있는 모든 NodeGroup을 순회하여, keyword가 일치하는 Node를 찾습니다.
            </summary>
            <param name="level">몇 단계까지 확인할 것인지 지정합니다. 0보다 작은 경우 모든 노드를 순회합니다.</param>
            <param name="keywords"></param>
            <returns></returns>
        </member>
        <member name="M:Pentacube.CAx.ECAD.LcadIf.Parser.LispTreeNodeGroup.FindRecursive(System.Func{Pentacube.CAx.ECAD.LcadIf.Parser.LispTreeNodeGroup,System.Boolean},System.Int32)">
            <summary>
            자식 노드를 재귀적으로 탐색해 조건에 맞는 Node Group을 찾습니다.
            </summary>
            <param name="predicate">조건</param>
            <param name="level">몇 단계까지 확인할 것인지 지정합니다. 0보다 작은 경우 모든 노드를 순회합니다.</param>
            <returns></returns>
        </member>
        <member name="M:Pentacube.CAx.ECAD.LcadIf.Parser.LispTreeNodeGroup.TraversalChildGroups(System.Int32)">
            <summary>
            자식 그룹을 순회합니다
            </summary>
            <param name="level">몇 단계까지 순회할 것인지 지정합니다. 0보다 작은 경우 모든 자식 노드를 순회합니다.</param>
            <returns></returns>
        </member>
        <member name="M:Pentacube.CAx.ECAD.LcadIf.Parser.LispTreeNodeGroupExt.CastTargetOrNull(Pentacube.CAx.ECAD.LcadIf.Parser.LispTreeNodeBase,System.String[])">
            <summary>
            Node를 Group 노드로 형변환합니다.
            단, 입력된 키워드와 일치하는 경우만 GroupNode를 반환합니다.
            입력된 키워드가 없을 경우 형변환만 수행합니다.
            </summary>
            <param name="node">대상 Node</param>
            <param name="keywords">Group Node의 키워드 목록</param>
            <returns></returns>
        </member>
        <member name="M:Pentacube.CAx.ECAD.LcadIf.Parser.LispTreeNodeGroupExt.CastTargetOrNull(Pentacube.CAx.ECAD.LcadIf.Parser.LispTreeNodeBase,System.Func{Pentacube.CAx.ECAD.LcadIf.Parser.LispTreeNodeGroup,System.Boolean})">
            <summary>
            Node를 Group 노드로 형변환합니다. 조건과 일치하는 경우 반환합니다.
            </summary>
            <param name="node">대상 Node</param>
            <param name="predicate">Group 노드 확인 조건입니다. null을 넣을 경우 캐스팅만 실행됩니다.</param>
            <returns></returns>
        </member>
        <member name="T:Pentacube.CAx.ECAD.LcadIf.Properties.Resources">
            <summary>
              A strongly-typed resource class, for looking up localized strings, etc.
            </summary>
        </member>
        <member name="P:Pentacube.CAx.ECAD.LcadIf.Properties.Resources.ResourceManager">
            <summary>
              Returns the cached ResourceManager instance used by this class.
            </summary>
        </member>
        <member name="P:Pentacube.CAx.ECAD.LcadIf.Properties.Resources.Culture">
            <summary>
              Overrides the current thread's CurrentUICulture property for all
              resource lookups using this strongly typed resource class.
            </summary>
        </member>
        <member name="M:Pentacube.CAx.ECAD.LcadIf.Services.Spice.ISpiceExecuter.Execute(System.String)">
            <summary>
            Spice Script를 실행하고, 결과를 반환합니다.
            </summary>
            <param name="script">[NotNull] 실행할 script 소스</param>
            <returns>실행 결과</returns>
        </member>
        <member name="M:Pentacube.CAx.ECAD.LcadIf.Services.Spice.SpiceFormat.VoltageSource(System.String)">
            <summary>
            Spice Net Alias를 Voltage Source Name으로 변환합니다.
            </summary>
            <param name="spiceNetAlias"></param>
            <returns></returns>
        </member>
        <member name="M:Pentacube.CAx.ECAD.LcadIf.Services.Spice.SpiceFormat.GenerateDcVoltageSourceScript(System.String,System.Double)">
            <summary>
            입력된 Voltage로 Spice Voltage Source를 정의하는 Script 구문을 생성합니다.
            </summary>
            <param name="spiceNetAlias"></param>
            <param name="voltage"></param>
            <returns></returns>
        </member>
        <member name="P:Pentacube.CAx.ECAD.LcadIf.Services.Spice.SpiceDcResult.ErrorMessages">
            <summary>
            Error Message 목록
            </summary>
        </member>
        <member name="M:Pentacube.CAx.ECAD.LcadIf.Services.Spice.SpiceDcResult.GetNodeVoltage(Pentacube.CAx.ECAD.LcadIf.Model.PLDB.Net)">
            <summary>
            Dc 해석 후 Net(Node)에 설정된 전압을 반환합니다.
            </summary>
            <param name="net"></param>
            <returns>결과 전압, Node가 없다면 null</returns>
        </member>
        <member name="M:Pentacube.CAx.ECAD.LcadIf.Services.Spice.SpiceDcResult.GetNodeVoltageSafe(Pentacube.CAx.ECAD.LcadIf.Model.PLDB.Net,System.Double)">
            <summary>
            Dc 해석 후 Net(Node)에 설정된 전압을 반환합니다.
            </summary>
            <param name="net"></param>
            <param name="defaultValue"></param>
            <returns>결과 전압</returns>
        </member>
        <member name="M:Pentacube.CAx.ECAD.LcadIf.Services.Spice.SpiceDcResult.GetPinVoltages(Pentacube.CAx.ECAD.LcadIf.Model.PLDB.Part)">
            <summary>
            Part에 연결된 Pin과 결과 전압 목록을 반환합니다.
            </summary>
            <param name="part"></param>
            <returns>[Pin, 전압]으로 결과가 없을 경우 전압에는 null</returns>
        </member>
        <member name="M:Pentacube.CAx.ECAD.LcadIf.Services.Spice.SpiceDcResult.GetPinVoltagesSafe(Pentacube.CAx.ECAD.LcadIf.Model.PLDB.Part,System.Double)">
            <summary>
            Part에 연결된 Pin과 결과 전압 목록을 반환합니다.
            </summary>
            <param name="part"></param>
            <param name="defaultValue"></param>
            <returns>[Pin, 전압]</returns>
        </member>
        <member name="M:Pentacube.CAx.ECAD.LcadIf.Services.Spice.SpiceDcResult.TryParseVoltage(System.String,System.Double@)">
            <summary>
            매우작은 전압을 표시하는 기호까지 감안하여 전압값을 반환하는 함수
            </summary>
            <param name="s">읽고자하는 문자열</param>
            <param name="voltage">결과</param>
            <returns>parse 성공 여부</returns>
        </member>
        <member name="M:Pentacube.CAx.ECAD.LcadIf.Services.Spice.SpiceDcResult.ResetParsingState">
            <summary>
            Parsing중인 상태를 초기화합니다.
            </summary>
        </member>
        <member name="M:Pentacube.CAx.ECAD.LcadIf.Services.Spice.SpiceDcResult.ParseResult(System.String)">
            <summary>
            NSSpice 수행결과로 Result받은 RawData 중 stdout으로 시작하는 line을 Parse하는 함수
            </summary>
            <param name="msg">stdout message</param>
        </member>
        <member name="M:Pentacube.CAx.ECAD.LcadIf.Services.Spice.SpiceDcResult.ParseError(System.String)">
            <summary>
            Standard Error Message를 Parsing합니다.
            </summary>
            <param name="msg">stderr message</param>
        </member>
        <member name="M:Pentacube.CAx.ECAD.LcadIf.Services.Spice.SpiceReadOnlyAliases.GetPinAliases(Pentacube.CAx.ECAD.LcadIf.Model.PLDB.Part)">
            <summary>
            Part의 Pin에 등록된 목록
            </summary>
            <param name="part"></param>
            <returns></returns>
        </member>
        <member name="M:Pentacube.CAx.ECAD.LcadIf.Services.Spice.SpiceReadOnlyAliases.GetAliases(Pentacube.CAx.ECAD.LcadIf.Model.PLDB.Part)">
            <summary>
            Part와 Part의 Pin 목록의 별칭을 반환.
            PinNum이 null인 경우 Part의 Alias
            </summary>
            <param name="part"></param>
            <returns></returns>
        </member>
        <member name="T:Pentacube.CAx.ECAD.LcadIf.Services.Spice.SpiceResultBase">
            <summary>
            Parsing된 Spice 결과를 나타냅니다.
            </summary>
        </member>
        <member name="P:Pentacube.CAx.ECAD.LcadIf.Services.Spice.SpiceResultBase.Id">
            <summary>
            Result를 식별하기 위한 ID
            </summary>
        </member>
        <member name="P:Pentacube.CAx.ECAD.LcadIf.Services.Spice.SpiceResultBase.Name">
            <summary>
            Result 표시 이름 (null인 경우 ID가 출력됩니다)
            </summary>
        </member>
        <member name="P:Pentacube.CAx.ECAD.LcadIf.Services.Spice.SpiceResultBase.DefineAliases">
            <summary>
            Spice에 사용된 Net, Part, Pin의 별칭
            </summary>
        </member>
        <member name="P:Pentacube.CAx.ECAD.LcadIf.Services.Spice.SpiceResultBase.SourceScript">
            <summary>
            Spice 실행에 사용된 Script
            </summary>
        </member>
        <member name="P:Pentacube.CAx.ECAD.LcadIf.Services.Spice.SpiceResultBase.RawResult">
            <summary>
            Parsing되지 않은 실행 결과
            </summary>
        </member>
        <member name="M:Pentacube.CAx.ECAD.LcadIf.Services.Spice.SpiceResultBase.ResetId">
            <summary>
            Id를 다시 설정합니다.
            </summary>
        </member>
        <member name="M:Pentacube.CAx.ECAD.LcadIf.Services.Spice.SpiceResultBase.SetData(Pentacube.CAx.ECAD.LcadIf.Services.Spice.SpiceReadOnlyAliases,System.String,Pentacube.CAx.ECAD.LcadIf.NGSpice.SpiceRawResult)">
            <summary>
            Parse 전, 데이터를 설정합니다.
            </summary>
            <param name="aliases"></param>
            <param name="script"></param>
            <param name="rawResult"></param>
        </member>
        <member name="M:Pentacube.CAx.ECAD.LcadIf.Services.Spice.SpiceResultBase.Parsing">
            <summary>
            결과를 Parsing합니다.
            </summary>
        </member>
        <member name="P:Pentacube.CAx.ECAD.LcadIf.Services.Spice.SpiceResultGroup.Id">
            <summary>
            Result를 식별하기 위한 ID
            </summary>
        </member>
        <member name="P:Pentacube.CAx.ECAD.LcadIf.Services.Spice.SpiceResultGroup.Name">
            <summary>
            Group의 표시 이름
            </summary>
        </member>
    </members>
</doc>
