<?xml version="1.0"?>
<doc>
    <assembly>
        <name>Pentacube.CAx.DFx.LDRC</name>
    </assembly>
    <members>
        <member name="M:Pentacube.CAx.DFx.LDRC.Helper.DiodeHelper.GetAnodePin(Pentacube.CAx.ECAD.LcadIf.Model.PLDB.PLDB,Pentacube.CAx.ECAD.LcadIf.Model.PLDB.Part)">
            <summary>
            대상 part의 Anode Pin을 가져옵니다.
            이 함수는 Diode에 대해서만 유효하게 동작합니다.
            </summary>
            <param name="pldb"></param>
            <param name="part"></param>
            <returns></returns>
        </member>
        <member name="M:Pentacube.CAx.DFx.LDRC.Helper.DiodeHelper.GetAnodePinNum(Pentacube.CAx.ECAD.LcadIf.Model.PLDB.PLDB,Pentacube.CAx.ECAD.LcadIf.Model.PLDB.Part)">
            <summary>
            대상 part의 Anode Pin Number를 가져옵니다.
            이 함수는 Diode에 대해서만 유효하게 동작합니다.
            </summary>
            <param name="pldb"></param>
            <param name="part"></param>
            <returns></returns>
        </member>
        <member name="M:Pentacube.CAx.DFx.LDRC.Helper.DiodeHelper.CalcPowerDissipation(System.Double,System.Double,System.Double)">
            <summary>
            동작 온도에서의 Power Dissipation을 계산합니다.
            </summary>
            <param name="pMax">최대 Power Dissipation</param>
            <param name="tMax">동작 최고 온도</param>
            <param name="tC">동작 온도</param>
            <returns>
            Pd = Pmax (Tc ≤ 25).
            Pd = Pmax * (Tmax - Tc) / (Tmax - 25) // (25 ≤ Tc ≤ Tmax).
            Pd = 0 (Tmax ≤ Tc).
            </returns>
        </member>
        <member name="P:Pentacube.CAx.DFx.LDRC.Helper.LDRCRuleResultBuilder.VerifyTarget">
            <summary>
            검사 대상
            </summary>
        </member>
        <member name="P:Pentacube.CAx.DFx.LDRC.Helper.LDRCRuleResultBuilder.Severity">
             <summary>
            
             </summary>
        </member>
        <member name="P:Pentacube.CAx.DFx.LDRC.Helper.LDRCRuleResultBuilder.VerifySpec">
            <summary>
            검사 Spec
            </summary>
        </member>
        <member name="P:Pentacube.CAx.DFx.LDRC.Helper.LDRCRuleResultBuilder.BackGroundColor">
            <summary>
            기본 배경 색상
            </summary>
        </member>
        <member name="M:Pentacube.CAx.DFx.LDRC.Helper.LDRCRuleResultBuilder.ToColorText(System.Windows.Media.Color,System.String)">
            <summary>
            색상 Comment 생성
            </summary>
            <param name="color">색상</param>
            <param name="infoMessage">설명</param>
            <returns></returns>
        </member>
        <member name="T:Pentacube.CAx.DFx.LDRC.Helper.Rule.NetEnumerableComparer">
            <summary>
            Net 목록을 비교합니다.
            </summary>
        </member>
        <member name="M:Pentacube.CAx.DFx.LDRC.Helper.Rule.PartHelper.GetParallelParts(Pentacube.CAx.ECAD.LcadIf.Model.PLDB.Part)">
            <summary>
            2-pin 부품과 병렬로 연결된 Part 목록을 반환합니다.
            </summary>
            <param name="part">2-pin 부품</param>
            <returns></returns>
        </member>
        <member name="M:Pentacube.CAx.DFx.LDRC.LDRCModule.Initialize">
            <summary>
            모듈 사용시 최초에 호출되는 모듈
            </summary>
        </member>
        <member name="P:Pentacube.CAx.DFx.LDRC.Model.ControllerInformation.CarName">
            <summary>
            차종
            </summary>
        </member>
        <member name="P:Pentacube.CAx.DFx.LDRC.Model.ControllerInformation.DevelopmentLevel">
            <summary>
            개발단계
            </summary>
        </member>
        <member name="P:Pentacube.CAx.DFx.LDRC.Model.ControllerInformation.AutomotiveName">
            <summary>
            제어기명
            </summary>
        </member>
        <member name="P:Pentacube.CAx.DFx.LDRC.Model.ControllerInformation.PartnerCompany">
            <summary>
            협력사
            </summary>
        </member>
        <member name="P:Pentacube.CAx.DFx.LDRC.Model.ControllerInformation.Writer">
            <summary>
            작성자
            </summary>
        </member>
        <member name="P:Pentacube.CAx.DFx.LDRC.Model.ControllerInformation.MinOperatingVoltage">
            <summary>
            제어기 최저 동작 전압
            </summary>
        </member>
        <member name="P:Pentacube.CAx.DFx.LDRC.Model.ControllerInformation.MaxOperatingVoltage">
            <summary>
            제어기 최대 동작 전압
            </summary>
        </member>
        <member name="P:Pentacube.CAx.DFx.LDRC.Model.ControllerInformation.MinOperatingTemperature">
            <summary>
            제어기 최저 동작 온도
            </summary>
        </member>
        <member name="P:Pentacube.CAx.DFx.LDRC.Model.ControllerInformation.MaxOperatingTemperature">
            <summary>
            제어기 최대 동작 온도
            </summary>
        </member>
        <member name="F:Pentacube.CAx.DFx.LDRC.Report.ExcelRendererWithLDRC.TableHeaderBackgroundColor">
            <summary>
            15% 어두운 흰색
            </summary>
        </member>
        <member name="F:Pentacube.CAx.DFx.LDRC.Report.ExcelRendererWithLDRC.TableBorderColor">
            <summary>
            40% 어두읜 흰색
            </summary>
        </member>
        <member name="F:Pentacube.CAx.DFx.LDRC.Report.ExcelRendererWithLDRC.RenderingStartColumn">
            <summary>
            컨텐츠 구성을 시작할 열 인덱스
            </summary>
        </member>
        <member name="F:Pentacube.CAx.DFx.LDRC.Report.ExcelRendererWithLDRC.RenderingStartRow">
            <summary>
            컨텐츠 구성을 시작할 행 인덱스
            </summary>
        </member>
        <member name="P:Pentacube.CAx.DFx.LDRC.Report.ExcelRendererWithLDRC.VerifiedRules">
            <summary>
            Rule Group 목록과 Rule 인스턴스가 담긴 데이터셋 목록
            단, 검증이 끝난 Rule만 반환
            </summary>
        </member>
        <member name="P:Pentacube.CAx.DFx.LDRC.Report.ExcelRendererWithLDRC.DeviceGroup">
            <summary>
            Device명으로 Grouping된 Rule 목록
            </summary>
        </member>
        <member name="P:Pentacube.CAx.DFx.LDRC.Report.ExcelRendererWithLDRC.ContentIntervalCN">
            <summary>
            삽입되는 Content간의 간격
            (단위: Cell 개수, 기본값: 1)
            </summary>
        </member>
        <member name="P:Pentacube.CAx.DFx.LDRC.Report.ExcelRendererWithLDRC.OneColumnSize">
            <summary>
            Column Size Text Length
            (단위: Text Length (11pt 기준), 기본값: 11.0)
            </summary>
        </member>
        <member name="P:Pentacube.CAx.DFx.LDRC.Report.ExcelRendererWithLDRC.HeaderContentInterval">
            <summary>
            테이블과 타이틀의 사이 간격
            (단위: Point, 기본값: 4.5)
            </summary>
        </member>
        <member name="P:Pentacube.CAx.DFx.LDRC.Report.ExcelRendererWithLDRC.LeftTopMargin">
            <summary>
            1번째 열과 행의 너비,
            (단위: Point, 기본값: 9.0)
            </summary>
        </member>
        <member name="M:Pentacube.CAx.DFx.LDRC.Report.ExcelRendererWithLDRC.DFSRules">
            <summary>
            깊이 우선 탐색을 하여, RuleGroupName과 RuleBase를 추출
            </summary>
            <returns></returns>
        </member>
        <member name="M:Pentacube.CAx.DFx.LDRC.Report.ExcelRendererWithLDRC.IsRunRule(Pentacube.CAx.DFx.DRCBase.RuleBase)">
            <summary>
            룰 실행 여부를 확인합니다.
            </summary>
            <param name="rule"></param>
            <returns></returns>
        </member>
        <member name="M:Pentacube.CAx.DFx.LDRC.Report.ExcelRendererWithLDRC.SheetDefaultSetting(Pentacube.Infrastructure.OfficeManager.Excel.SpreadBook,System.String)">
            <summary>
            시트의 기본 스타일을 설정합니다.
            / 렌더링 시작 전 행/열 너비 9.0pt
            / 렌더링 시작 행부터 20개 열 텍스트 11개 길이
            </summary>
            <param name="spread"></param>
            <param name="sheetName">대상 시트</param>
        </member>
        <member name="M:Pentacube.CAx.DFx.LDRC.Report.ExcelRendererWithLDRC.InsertVerifyTargetInformationTable(Pentacube.Infrastructure.OfficeManager.Excel.SpreadBook,System.String,System.Int32,System.Int32)">
            <summary>
            검증 대상에 대한 정보
            </summary>
            <param name="spread">해당 </param>
            <param name="sheetName">해당 테이블을 삽입할 시트를 지정</param>
            <param name="rowIdx">row index</param>
            <param name="colIdx">column index</param>
            <returns>삽입된 content가 사용하는 셀의 너비</returns>
        </member>
        <member name="M:Pentacube.CAx.DFx.LDRC.Report.ExcelRendererWithLDRC.InsertVerifyRuleResultTable(Pentacube.Infrastructure.OfficeManager.Excel.SpreadBook,System.String,System.Int32,System.Int32)">
            <summary>
            검증 Rule Summary Table을 삽입한다
            </summary>
            <param name="spread">해당 </param>
            <param name="sheetName">해당 테이블을 삽입할 시트를 지정</param>
            <param name="rowIdx">row index</param>
            <param name="colIdx">column index</param>
            <returns>삽입된 content가 사용하는 셀의 너비</returns>
        </member>
        <member name="M:Pentacube.CAx.DFx.LDRC.Report.ExcelRendererWithLDRC.InsertVerifiedRuleInfoTable(System.String,System.Boolean,Pentacube.CAx.DFx.LDRC.Report.ExcelRendererWithLDRC.DeviceAndRule[])">
            <summary>
            검증 Rule 정보 출력
            </summary>
            <param name="tableTitle">테이블 타이틀</param>
            <param name="failRuleBolding">결과가 Fail인 Rule을 Bold 처리</param>
            <param name="deviceAndRules">대상 Rule 목록</param>
            <returns></returns>
        </member>
        <member name="M:Pentacube.CAx.DFx.LDRC.Report.ExcelRendererWithLDRC.RuleNameLeftAlign(Pentacube.Infrastructure.OfficeManager.Excel.Helper.TableHelper.TableRanges)">
            <summary>
            테이블의 Rule 이름을 좌측 정렬로 변경한다
            </summary>
            <param name="table"></param>
        </member>
        <member name="M:Pentacube.CAx.DFx.LDRC.Report.ExcelRendererWithLDRC.VerifyResultColorStyle(Pentacube.Infrastructure.OfficeManager.Excel.Helper.TableHelper.TableRanges)">
            <summary>
            검증 결과 열에서 Pass를 파란색, Fail을 빨강색으로 지정
            </summary>
            <param name="table"></param>
        </member>
        <member name="M:Pentacube.CAx.DFx.LDRC.Report.ExcelRendererWithLDRC.InsertControllerinfoTable(Pentacube.Infrastructure.OfficeManager.Excel.SpreadBook,System.String,System.Int32,System.Int32)">
            <summary>
            검증 대상에 대한 정보
            </summary>
            <param name="spread">해당 </param>
            <param name="sheetName">해당 테이블을 삽입할 시트를 지정</param>
            <param name="rowIdx">row index</param>
            <param name="colIdx">column index</param>
            <returns>삽입된 content가 사용하는 셀의 너비</returns>
        </member>
        <member name="M:Pentacube.CAx.DFx.LDRC.Report.ExcelRendererWithLDRC.InsertPowerNetTable(Pentacube.Infrastructure.OfficeManager.Excel.SpreadBook,System.String,System.Int32,System.Int32)">
            <summary>
            검증 Rule Summary Table을 삽입한다
            </summary>
            <param name="spread">해당 </param>
            <param name="sheetName">해당 테이블을 삽입할 시트를 지정</param>
            <param name="rowIdx">row index</param>
            <param name="colIdx">column index</param>
            <returns>삽입된 content가 사용하는 셀의 너비</returns>
        </member>
        <member name="M:Pentacube.CAx.DFx.LDRC.Report.ExcelRendererWithLDRC.InsertCanConfigTable(Pentacube.Infrastructure.OfficeManager.Excel.SpreadBook,System.String,System.Int32,System.Int32)">
            <summary>
            검증 Rule Summary Table을 삽입한다
            </summary>
            <param name="spread">해당 </param>
            <param name="sheetName">해당 테이블을 삽입할 시트를 지정</param>
            <param name="rowIdx">row index</param>
            <param name="colIdx">column index</param>
            <returns>삽입된 content가 사용하는 셀의 너비</returns>
        </member>
        <member name="M:Pentacube.CAx.DFx.LDRC.Report.ExcelRendererWithLDRC.InsertLinConfigTable(Pentacube.Infrastructure.OfficeManager.Excel.SpreadBook,System.String,System.Int32,System.Int32)">
            <summary>
            검증 Rule Summary Table을 삽입한다
            </summary>
            <param name="spread">해당 </param>
            <param name="sheetName">해당 테이블을 삽입할 시트를 지정</param>
            <param name="rowIdx">row index</param>
            <param name="colIdx">column index</param>
            <returns>삽입된 content가 사용하는 셀의 너비</returns>
        </member>
        <member name="M:Pentacube.CAx.DFx.LDRC.Report.ExcelRendererWithLDRC.InsertSideOutputTable(System.Collections.Generic.IEnumerable{Pentacube.CAx.DFx.LDRC.Model.SideOutGroup})">
            <summary>
            side out group을 삽입합니다
            </summary>
            <param name="sideOutGroups">해당 </param>
            <returns>삽입된 content가 사용하는 셀의 너비</returns>
        </member>
        <member name="M:Pentacube.CAx.DFx.LDRC.Report.ExcelRendererWithLDRC.InsertActiveHighTable(Pentacube.Infrastructure.OfficeManager.Excel.SpreadBook,System.String,System.Int32,System.Int32)">
            <summary>
            검증 Rule Summary Table을 삽입한다
            </summary>
            <param name="spread">해당 </param>
            <param name="sheetName">해당 테이블을 삽입할 시트를 지정</param>
            <param name="rowIdx">row index</param>
            <param name="colIdx">column index</param>
            <returns>삽입된 content가 사용하는 셀의 너비</returns>
        </member>
        <member name="M:Pentacube.CAx.DFx.LDRC.Report.ExcelRendererWithLDRC.InsertActiveLowTable(Pentacube.Infrastructure.OfficeManager.Excel.SpreadBook,System.String,System.Int32,System.Int32)">
            <summary>
            검증 Rule Summary Table을 삽입한다
            </summary>
            <param name="spread">해당 </param>
            <param name="sheetName">해당 테이블을 삽입할 시트를 지정</param>
            <param name="rowIdx">row index</param>
            <param name="colIdx">column index</param>
            <returns>삽입된 content가 사용하는 셀의 너비</returns>
        </member>
        <member name="M:Pentacube.CAx.DFx.LDRC.Report.ExcelRendererWithLDRC.InsertVerifyResultDetails(Pentacube.Infrastructure.OfficeManager.Excel.SpreadBook,System.String,System.Int32,System.Int32)">
            <summary>
            검증 Rule Summary Table을 삽입한다
            </summary>
            <param name="spread">해당 </param>
            <param name="sheetName">해당 테이블을 삽입할 시트를 지정</param>
            <param name="rowIdx">row index</param>
            <param name="colIdx">column index</param>
            <returns>삽입된 content가 사용하는 셀의 너비</returns>
        </member>
        <member name="M:Pentacube.CAx.DFx.LDRC.Report.ExcelRendererWithLDRC.AssignTableTitle(System.String,Pentacube.Infrastructure.OfficeManager.Excel.InsertContentBlockFunc)">
            <summary>
            테이블에 표준 타이틀을 추가합니다.
            </summary>
            <param name="title">테이블 타이틀</param>
            <param name="tableInsertFunc">태이블 삽입 함수</param>
            <returns></returns>
        </member>
        <member name="M:Pentacube.CAx.DFx.LDRC.Report.ExcelRendererWithLDRC.DefaultTableStyle(Pentacube.Infrastructure.OfficeManager.Excel.Helper.TableHelper.TableRanges)">
            <summary>
            기본 테이블 스타일
            / 모든 셀 => 가운데 정렬
            / 헤더 => 텍스트 굵게, 바탕색 15% 어두운 흰색
            / 테이블 => Border 40% 어두운 흰색
            </summary>
            <param name="tableRanges"></param>
        </member>
        <member name="M:Pentacube.CAx.DFx.LDRC.Report.ExcelRendererWithLDRC.LastRowEmphasize(Pentacube.Infrastructure.OfficeManager.Excel.Helper.TableHelper.TableRanges)">
            <summary>
            마지막 행의 스타일을 변경합니다
            / 폰트 굵게
            / 바탕색 5% 어두운 흰색
            </summary>
            <param name="tableRanges"></param>
        </member>
        <member name="M:Pentacube.CAx.DFx.LDRC.Report.ExcelRendererWithLDRC.TableTitleTextStyle(Microsoft.Office.Interop.Excel.Range)">
            <summary>
            테이블 타이틀의 스타일을 변경합니다
            / 폰트 굵게
            / 폰트 밑줄
            </summary>
            <param name="titleCell"></param>
        </member>
        <member name="P:Pentacube.CAx.DFx.LDRC.Report.ExcelRendererWithLDRC.DeviceAndRule.DeviceAndCategories">
            <summary>
            Device와 카테고리 목록
            </summary>
        </member>
        <member name="T:Pentacube.CAx.DFx.LDRC.Report.PEnumGetDisplayNameExt">
            <summary>
            eRuleApplyLevel, eRuleSeverity 그리고 eRuleSignOffStatus의 DisplayName을 가져오는 extension
            </summary>
        </member>
        <member name="P:Pentacube.CAx.DFx.LDRC.Rule.CAN.BaseClasses.RuleICPinResistorInLowMultimediaCANParameters.MinResistance">
            <summary>
            최소 용량
            </summary>
        </member>
        <member name="P:Pentacube.CAx.DFx.LDRC.Rule.CAN.BaseClasses.RuleICPinResistorInLowMultimediaCANParameters.MaxResistance">
            <summary>
            최대 용량
            </summary>
        </member>
        <member name="T:Pentacube.CAx.DFx.LDRC.Rule.CAN.BaseClasses.RuleICPinResistorInLowMultimediaCANSettingView">
            <summary>
            RuleICPinResistorInCANSettingView.xaml에 대한 상호 작용 논리
            </summary>
            <summary>
            RuleICPinResistorInLowMultimediaCANSettingView
            </summary>
        </member>
        <member name="M:Pentacube.CAx.DFx.LDRC.Rule.CAN.BaseClasses.RuleICPinResistorInLowMultimediaCANSettingView.InitializeComponent">
            <summary>
            InitializeComponent
            </summary>
        </member>
        <member name="P:Pentacube.CAx.DFx.LDRC.Rule.CAN.BaseClasses.CANRegisters.HighOnlyResistor">
            <summary>
            High에만 연결된 Resistor
            </summary>
        </member>
        <member name="P:Pentacube.CAx.DFx.LDRC.Rule.CAN.BaseClasses.CANRegisters.LowOnlyResistor">
            <summary>
            Low에만 연결된 Resistor
            </summary>
        </member>
        <member name="P:Pentacube.CAx.DFx.LDRC.Rule.CAN.BaseClasses.CANRegisters.CommonResistor">
            <summary>
            High-Low에 모두 연결된 Resistor (거리가 같은 경우)
            </summary>
        </member>
        <member name="T:Pentacube.CAx.DFx.LDRC.Rule.CAN.BaseClasses.eResistorToleranceCode">
            <summary>
            https://en.wikipedia.org/wiki/Resistor#Industrial_type_designation
            </summary>
        </member>
        <member name="F:Pentacube.CAx.DFx.LDRC.Rule.CAN.BaseClasses.eResistorToleranceCode.G">
            <summary>
            ±2%
            </summary>
        </member>
        <member name="F:Pentacube.CAx.DFx.LDRC.Rule.CAN.BaseClasses.eResistorToleranceCode.F">
            <summary>
            ±1%
            </summary>
        </member>
        <member name="F:Pentacube.CAx.DFx.LDRC.Rule.CAN.BaseClasses.eResistorToleranceCode.D">
            <summary>
            ±0.5%
            </summary>
        </member>
        <member name="F:Pentacube.CAx.DFx.LDRC.Rule.CAN.BaseClasses.eResistorToleranceCode.C">
            <summary>
            ±0.25%
            </summary>
        </member>
        <member name="F:Pentacube.CAx.DFx.LDRC.Rule.CAN.BaseClasses.eResistorToleranceCode.B">
            <summary>
            ±0.1%
            </summary>
        </member>
        <member name="P:Pentacube.CAx.DFx.LDRC.Rule.CAN.BaseClasses.RuleTerminationRCompatibilityInHighFDCANParameters.Resistance">
            <summary>
            저항 용량
            </summary>
        </member>
        <member name="P:Pentacube.CAx.DFx.LDRC.Rule.CAN.BaseClasses.RuleTerminationRCompatibilityInHighFDCANParameters.ResistanceErrorTolerance">
            <summary>
            저항 용량 허용치
            </summary>
        </member>
        <member name="P:Pentacube.CAx.DFx.LDRC.Rule.CAN.BaseClasses.RuleTerminationRCompatibilityInHighFDCANParameters.MinPower">
            <summary>
            최소 전력
            </summary>
        </member>
        <member name="P:Pentacube.CAx.DFx.LDRC.Rule.CAN.BaseClasses.RuleTerminationRCompatibilityInHighFDCANParameters.ToleranceCode">
            <summary>
            저항 허용 등급
            </summary>
        </member>
        <member name="T:Pentacube.CAx.DFx.LDRC.Rule.CAN.BaseClasses.RuleTerminationRCompatibilityInHighFDCANSettingView">
            <summary>
            RuleTerminationRCompatibilityInHighFDCANSettingView.xaml에 대한 상호 작용 논리
            </summary>
            <summary>
            RuleTerminationRCompatibilityInHighFDCANSettingView
            </summary>
        </member>
        <member name="M:Pentacube.CAx.DFx.LDRC.Rule.CAN.BaseClasses.RuleTerminationRCompatibilityInHighFDCANSettingView.InitializeComponent">
            <summary>
            InitializeComponent
            </summary>
        </member>
        <member name="T:Pentacube.CAx.DFx.LDRC.Rule.CAN.BaseClasses.RuleCapVolumeInCANSettingView">
            <summary>
            RuleCapVolumeInCANSettingView.xaml에 대한 상호 작용 논리
            </summary>
            <summary>
            RuleCapVolumeInCANSettingView
            </summary>
        </member>
        <member name="M:Pentacube.CAx.DFx.LDRC.Rule.CAN.BaseClasses.RuleCapVolumeInCANSettingView.InitializeComponent">
            <summary>
            InitializeComponent
            </summary>
        </member>
        <member name="T:Pentacube.CAx.DFx.LDRC.Rule.CAN.BaseClasses.RuleChokeCoilVolumeInCANSettingView">
            <summary>
            RuleChokeCoilVolumeInCANSettingView.xaml에 대한 상호 작용 논리
            </summary>
            <summary>
            RuleChokeCoilVolumeInCANSettingView
            </summary>
        </member>
        <member name="M:Pentacube.CAx.DFx.LDRC.Rule.CAN.BaseClasses.RuleChokeCoilVolumeInCANSettingView.InitializeComponent">
            <summary>
            InitializeComponent
            </summary>
        </member>
        <member name="P:Pentacube.CAx.DFx.LDRC.Rule.CAN.RuleSplitCapacitorInCANParameters.MinCapacitance">
            <summary>
            최소 용량
            </summary>
        </member>
        <member name="P:Pentacube.CAx.DFx.LDRC.Rule.CAN.RuleSplitCapacitorInCANParameters.MaxCapacitance">
            <summary>
            최대 용량
            </summary>
        </member>
        <member name="T:Pentacube.CAx.DFx.LDRC.Rule.CAN.RuleSplitCapacitorInCANSettingView">
            <summary>
            RuleSplitCapacitorInCANSettingView.xaml에 대한 상호 작용 논리
            </summary>
            <summary>
            RuleSplitCapacitorInCANSettingView
            </summary>
        </member>
        <member name="M:Pentacube.CAx.DFx.LDRC.Rule.CAN.RuleSplitCapacitorInCANSettingView.InitializeComponent">
            <summary>
            InitializeComponent
            </summary>
        </member>
        <member name="P:Pentacube.CAx.DFx.LDRC.Rule.CAN.RuleTerminationRCompatibilityInLowMultimediaCANParameters.MinResistance">
            <summary>
            최소 용량
            </summary>
        </member>
        <member name="P:Pentacube.CAx.DFx.LDRC.Rule.CAN.RuleTerminationRCompatibilityInLowMultimediaCANParameters.MaxResistance">
            <summary>
            최대 용량
            </summary>
        </member>
        <member name="P:Pentacube.CAx.DFx.LDRC.Rule.CAN.RuleTerminationRCompatibilityInLowMultimediaCANParameters.MinPower">
            <summary>
            최소 전력
            </summary>
        </member>
        <member name="P:Pentacube.CAx.DFx.LDRC.Rule.CAN.RuleTerminationRCompatibilityInLowMultimediaCANParameters.MaxPower">
            <summary>
            최대 전력
            </summary>
        </member>
        <member name="P:Pentacube.CAx.DFx.LDRC.Rule.CAN.RuleTerminationRCompatibilityInLowMultimediaCANParameters.ToleranceCode">
            <summary>
            저항 허용 등급
            </summary>
        </member>
        <member name="T:Pentacube.CAx.DFx.LDRC.Rule.CAN.RuleTerminationRCompatibilityInLowMultimediaCANSettingView">
            <summary>
            RuleTerminationRCompatibilityInLowMultimediaCANSettingView.xaml에 대한 상호 작용 논리
            </summary>
            <summary>
            RuleTerminationRCompatibilityInLowMultimediaCANSettingView
            </summary>
        </member>
        <member name="M:Pentacube.CAx.DFx.LDRC.Rule.CAN.RuleTerminationRCompatibilityInLowMultimediaCANSettingView.InitializeComponent">
            <summary>
            InitializeComponent
            </summary>
        </member>
        <member name="T:Pentacube.CAx.DFx.LDRC.Rule.CAN.RuleBiTVSUsedInCANSettingView">
            <summary>
            RuleBiTVSUsedInCANSettingView.xaml에 대한 상호 작용 논리
            </summary>
            <summary>
            RuleBiTVSUsedInCANSettingView
            </summary>
        </member>
        <member name="M:Pentacube.CAx.DFx.LDRC.Rule.CAN.RuleBiTVSUsedInCANSettingView.InitializeComponent">
            <summary>
            InitializeComponent
            </summary>
        </member>
        <member name="T:Pentacube.CAx.DFx.LDRC.Rule.RuleActiveHighLowPowerOperatingSettingView">
            <summary>
            RuleSignalPinLowPowerOperatingSettingView.xaml에 대한 상호 작용 논리
            </summary>
            <summary>
            RuleActiveHighLowPowerOperatingSettingView
            </summary>
        </member>
        <member name="M:Pentacube.CAx.DFx.LDRC.Rule.RuleActiveHighLowPowerOperatingSettingView.InitializeComponent">
            <summary>
            InitializeComponent
            </summary>
        </member>
        <member name="T:Pentacube.CAx.DFx.LDRC.Rule.RuleActiveLowPowerOperatingSettingView">
            <summary>
            RuleSignalPinLowPowerOperatingSettingView.xaml에 대한 상호 작용 논리
            </summary>
            <summary>
            RuleActiveLowPowerOperatingSettingView
            </summary>
        </member>
        <member name="M:Pentacube.CAx.DFx.LDRC.Rule.RuleActiveLowPowerOperatingSettingView.InitializeComponent">
            <summary>
            InitializeComponent
            </summary>
        </member>
        <member name="T:Pentacube.CAx.DFx.LDRC.Rule.RuleConnectorCurrentSettingView">
            <summary>
            RuleSignalPinLowPowerOperatingSettingView.xaml에 대한 상호 작용 논리
            </summary>
            <summary>
            RuleConnectorCurrentSettingView
            </summary>
        </member>
        <member name="M:Pentacube.CAx.DFx.LDRC.Rule.RuleConnectorCurrentSettingView.InitializeComponent">
            <summary>
            InitializeComponent
            </summary>
        </member>
        <member name="T:Pentacube.CAx.DFx.LDRC.Rule.RuleLoadDumpTvsPowerSettingView">
            <summary>
            Interaction logic for RuleReversedConnectionProtectingCircuitSettingView.xaml
            </summary>
            <summary>
            RuleLoadDumpTvsPowerSettingView
            </summary>
        </member>
        <member name="M:Pentacube.CAx.DFx.LDRC.Rule.RuleLoadDumpTvsPowerSettingView.InitializeComponent">
            <summary>
            InitializeComponent
            </summary>
        </member>
        <member name="T:Pentacube.CAx.DFx.LDRC.Rule.RuleLoadDumpZenerVoltageSettingView">
            <summary>
            Interaction logic for RuleLoadDumpZenerVoltageView.xaml
            </summary>
            <summary>
            RuleLoadDumpZenerVoltageSettingView
            </summary>
        </member>
        <member name="M:Pentacube.CAx.DFx.LDRC.Rule.RuleLoadDumpZenerVoltageSettingView.InitializeComponent">
            <summary>
            InitializeComponent
            </summary>
        </member>
        <member name="T:Pentacube.CAx.DFx.LDRC.Rule.RuleLowVoltageRegulatorOperatingSettingView">
            <summary>
            Interaction logic for RuleLowVoltageRegulatorOperating.xaml
            </summary>
            <summary>
            RuleLowVoltageRegulatorOperatingSettingView
            </summary>
        </member>
        <member name="M:Pentacube.CAx.DFx.LDRC.Rule.RuleLowVoltageRegulatorOperatingSettingView.InitializeComponent">
            <summary>
            InitializeComponent
            </summary>
        </member>
        <member name="T:Pentacube.CAx.DFx.LDRC.Rule.CarPower.RuleProtectDiodeReverseVoltageSettingView">
            <summary>
            RuleProtectDiodeReverseVoltageSettingView.xaml에 대한 상호 작용 논리
            </summary>
            <summary>
            RuleProtectDiodeReverseVoltageSettingView
            </summary>
        </member>
        <member name="M:Pentacube.CAx.DFx.LDRC.Rule.CarPower.RuleProtectDiodeReverseVoltageSettingView.InitializeComponent">
            <summary>
            InitializeComponent
            </summary>
        </member>
        <member name="P:Pentacube.CAx.DFx.LDRC.Rule.ESD.BaseClasses.RuleESDProtectionBase.RuleCheckSpecStr">
            <summary>
            Rule 검사 Spec Text
            </summary>
        </member>
        <member name="M:Pentacube.CAx.DFx.LDRC.Rule.ESD.BaseClasses.RuleESDProtectionBase.CheckRule(Pentacube.CAx.DFx.LDRC.Helper.LDRCRuleResultBuilder@,Pentacube.CAx.DFx.LDRC.Rule.ESD.ESDProtectionParts)">
            <summary>
            ESD Rule을 검증합니다. Varistor/Tvs Diode가 존재하지 않는 경우에만 실행됩니다.
            </summary>
            <param name="builder"></param>
            <param name="protection"></param>
        </member>
        <member name="M:Pentacube.CAx.DFx.LDRC.Rule.ESD.BaseClasses.RuleESDProtectionBase.AddTable(Pentacube.CAx.DFx.LDRC.Helper.LDRCRuleResultBuilder@,Pentacube.CAx.DFx.LDRC.Rule.ESD.ESDProtectionParts)">
            <summary>
            상세 Part 정보 Table을 구성할 수 있습니다.
            </summary>
            <param name="builder"></param>
            <param name="protection"></param>
        </member>
        <member name="M:Pentacube.CAx.DFx.LDRC.Rule.ESD.BaseClasses.RuleESDProtectionBase.IsRuleTarget(Pentacube.CAx.DFx.LDRC.Rule.ESD.ESDProtectionParts)">
            <summary>
            대상이 Rule 검증 타겟인지 확인합니다
            </summary>
            <param name="protection"></param>
            <returns></returns>
        </member>
        <member name="T:Pentacube.CAx.DFx.LDRC.Rule.ESD.RuleESDCapFailureModeSettingView">
            <summary>
            RuleESDCapFailureModeSettingView.xaml에 대한 상호 작용 논리
            </summary>
            <summary>
            RuleESDCapFailureModeSettingView
            </summary>
        </member>
        <member name="M:Pentacube.CAx.DFx.LDRC.Rule.ESD.RuleESDCapFailureModeSettingView.InitializeComponent">
            <summary>
            InitializeComponent
            </summary>
        </member>
        <member name="T:Pentacube.CAx.DFx.LDRC.Rule.ESD.CapacitorTypeConverter">
            <summary>
            https://stackoverflow.com/a/406798
            </summary>
        </member>
        <member name="T:Pentacube.CAx.DFx.LDRC.Rule.ESD.RuleESDCapUsedValueSettingView">
            <summary>
            RuleESDCapUsedValueSettingView.xaml에 대한 상호 작용 논리
            </summary>
            <summary>
            RuleESDCapUsedValueSettingView
            </summary>
        </member>
        <member name="M:Pentacube.CAx.DFx.LDRC.Rule.ESD.RuleESDCapUsedValueSettingView.InitializeComponent">
            <summary>
            InitializeComponent
            </summary>
        </member>
        <member name="T:Pentacube.CAx.DFx.LDRC.Rule.ESD.NetClassificationConverter">
            <summary>
            https://stackoverflow.com/a/406798
            </summary>
        </member>
        <member name="T:Pentacube.CAx.DFx.LDRC.Rule.ESD.RuleESDCapUsedVoltageSettingView">
            <summary>
            RuleESDCapUsedVoltageSettingView.xaml에 대한 상호 작용 논리
            </summary>
            <summary>
            RuleESDCapUsedVoltageSettingView
            </summary>
        </member>
        <member name="M:Pentacube.CAx.DFx.LDRC.Rule.ESD.RuleESDCapUsedVoltageSettingView.InitializeComponent">
            <summary>
            InitializeComponent
            </summary>
        </member>
        <member name="T:Pentacube.CAx.DFx.LDRC.Rule.ESD.RuleEsdILLProtectionSettingView">
            <summary>
            RuleEsdILLProtectionSettingView.xaml에 대한 상호 작용 논리
            </summary>
            <summary>
            RuleEsdILLProtectionSettingView
            </summary>
        </member>
        <member name="M:Pentacube.CAx.DFx.LDRC.Rule.ESD.RuleEsdILLProtectionSettingView.InitializeComponent">
            <summary>
            InitializeComponent
            </summary>
        </member>
        <member name="T:Pentacube.CAx.DFx.LDRC.Rule.IC.RuleIcOutputPinCapSettingView">
            <summary>
            RuleIcOutputPinCapSettingView.xaml에 대한 상호 작용 논리
            </summary>
            <summary>
            RuleIcOutputPinCapSettingView
            </summary>
        </member>
        <member name="M:Pentacube.CAx.DFx.LDRC.Rule.IC.RuleIcOutputPinCapSettingView.InitializeComponent">
            <summary>
            InitializeComponent
            </summary>
        </member>
        <member name="T:Pentacube.CAx.DFx.LDRC.Rule.OtherControllerInfluences.RuleOutputResistanceExcessiveSettingView">
            <summary>
            RuleOutputResistanceExcessiveSettingView.xaml에 대한 상호 작용 논리
            </summary>
            <summary>
            RuleOutputResistanceExcessiveSettingView
            </summary>
        </member>
        <member name="M:Pentacube.CAx.DFx.LDRC.Rule.OtherControllerInfluences.RuleOutputResistanceExcessiveSettingView.InitializeComponent">
            <summary>
            InitializeComponent
            </summary>
        </member>
        <member name="P:Pentacube.CAx.DFx.LDRC.Rule.PartSelection.RuleCapacitorLifeParameters.EnduranceTemp1">
            <summary>
            수명온도
            </summary>
        </member>
        <member name="P:Pentacube.CAx.DFx.LDRC.Rule.PartSelection.RuleCapacitorLifeParameters.EnduranceTime1">
            <summary>
            수명시간
            </summary>
        </member>
        <member name="P:Pentacube.CAx.DFx.LDRC.Rule.PartSelection.RuleCapacitorLifeParameters.EnduranceTemp2">
            <summary>
            수명온도
            </summary>
        </member>
        <member name="P:Pentacube.CAx.DFx.LDRC.Rule.PartSelection.RuleCapacitorLifeParameters.EnduranceTime2">
            <summary>
            수명시간
            </summary>
        </member>
        <member name="T:Pentacube.CAx.DFx.LDRC.Rule.PartSelection.RuleCapacitorLifeSettingView">
            <summary>
            RuleCapacitorLifeSettingView
            </summary>
        </member>
        <member name="M:Pentacube.CAx.DFx.LDRC.Rule.PartSelection.RuleCapacitorLifeSettingView.InitializeComponent">
            <summary>
            InitializeComponent
            </summary>
        </member>
        <member name="T:Pentacube.CAx.DFx.LDRC.Rule.PartSelection.RulePartTooBigSettingView">
            <summary>
            RulePartTooBigSettingView.xaml에 대한 상호 작용 논리
            </summary>
            <summary>
            RulePartTooBigSettingView
            </summary>
        </member>
        <member name="M:Pentacube.CAx.DFx.LDRC.Rule.PartSelection.RulePartTooBigSettingView.InitializeComponent">
            <summary>
            InitializeComponent
            </summary>
        </member>
        <member name="T:Pentacube.CAx.DFx.LDRC.Rule.RuleIcInOutVoltageCompatibilitySettingView">
            <summary>
            Interaction logic for RulePowerBlockPassivePartsHipoSettingView.xaml
            </summary>
            <summary>
            RuleIcInOutVoltageCompatibilitySettingView
            </summary>
        </member>
        <member name="M:Pentacube.CAx.DFx.LDRC.Rule.RuleIcInOutVoltageCompatibilitySettingView.InitializeComponent">
            <summary>
            InitializeComponent
            </summary>
        </member>
        <member name="T:Pentacube.CAx.DFx.LDRC.Rule.RuleSideOutPDNFreeWheelingDiode">
            <summary>
            High Side Output -> Ground와 Low Side Output -> Power에 대한 환류 다이오드 검증에 범용적으로 사용하기 위한 구조
            </summary>
        </member>
        <member name="T:Pentacube.CAx.DFx.LDRC.Rule.RuleSideOutPDNFreeWheelingDiodeSettingView">
            <summary>
            RuleSideOutPDNFreeWheelingDiodeSettingView.xaml에 대한 상호 작용 논리
            </summary>
            <summary>
            RuleSideOutPDNFreeWheelingDiodeSettingView
            </summary>
        </member>
        <member name="M:Pentacube.CAx.DFx.LDRC.Rule.RuleSideOutPDNFreeWheelingDiodeSettingView.InitializeComponent">
            <summary>
            InitializeComponent
            </summary>
        </member>
        <member name="T:Pentacube.CAx.DFx.LDRC.Rule.RuleBJTResistorUsedSettingView">
            <summary>
            RuleBJTResistorUsedSettingView.xaml에 대한 상호 작용 논리
            </summary>
            <summary>
            RuleBJTResistorUsedSettingView
            </summary>
        </member>
        <member name="M:Pentacube.CAx.DFx.LDRC.Rule.RuleBJTResistorUsedSettingView.InitializeComponent">
            <summary>
            InitializeComponent
            </summary>
        </member>
        <member name="T:Pentacube.CAx.DFx.LDRC.Rule.RulePartReverseInsertionSettingView">
            <summary>
            RuleBJTReverseInsertionSettingView.xaml에 대한 상호 작용 논리
            </summary>
            <summary>
            RulePartReverseInsertionSettingView
            </summary>
        </member>
        <member name="M:Pentacube.CAx.DFx.LDRC.Rule.RulePartReverseInsertionSettingView.InitializeComponent">
            <summary>
            InitializeComponent
            </summary>
        </member>
        <member name="T:Pentacube.CAx.DFx.LDRC.Rule.LIN.RuleCapVolumeInLINSettingView">
            <summary>
            RulePullUpResisterUsedSettingView.xaml에 대한 상호 작용 논리
            </summary>
            <summary>
            RuleCapVolumeInLINSettingView
            </summary>
        </member>
        <member name="M:Pentacube.CAx.DFx.LDRC.Rule.LIN.RuleCapVolumeInLINSettingView.InitializeComponent">
            <summary>
            InitializeComponent
            </summary>
        </member>
        <member name="T:Pentacube.CAx.DFx.LDRC.Rule.LIN.RuleReversedVoltageDiodeSettingView">
            <summary>
            RuleReversedVoltageDiodeSettingView.xaml에 대한 상호 작용 논리
            </summary>
            <summary>
            RuleReversedVoltageDiodeSettingView
            </summary>
        </member>
        <member name="M:Pentacube.CAx.DFx.LDRC.Rule.LIN.RuleReversedVoltageDiodeSettingView.InitializeComponent">
            <summary>
            InitializeComponent
            </summary>
        </member>
        <member name="T:Pentacube.CAx.DFx.LDRC.Rule.LDRCRuleCreator">
            <summary>
            FactoryMethod 패턴 중 구상 생산자 클래스. Rule 인스턴스를 생성하는 클래스
            </summary>
        </member>
        <member name="M:Pentacube.CAx.DFx.LDRC.Rule.LDRCRuleCreator.GetOrCreateRuleSettingView(Pentacube.CAx.DFx.DRCBase.RuleBase,Pentacube.CAx.DFx.Manager.Rule.RuleSettingViewType)">
            <summary>
            classID의 SettingView의 Class의 인스턴스를 반환
            </summary>
            <remarks>정의가 없을 경우 null 리턴</remarks>
            <param name="classID"></param>
            <returns></returns>
        </member>
        <member name="M:Pentacube.CAx.DFx.LDRC.Rule.LDRCRuleCreator.CreateInstance(System.String)">
            <summary>
            Rule 인스턴스를 실제로 생성하는 함수
            </summary>
            <param name="classID"></param>
            <returns></returns>
        </member>
        <member name="M:Pentacube.CAx.DFx.LDRC.Rule.RuleElectrolyticCapReversePolorityParameters.GetAttribute(System.Xml.Linq.XElement,System.String,System.String)">
            <summary>
            element의 attribute를 값을 반환 (없을 경우 설정된 기본값을 반환)
            </summary>
            <param name="element">대상 element</param>
            <param name="name">attribute의 name</param>
            <param name="defaultValue">null일 경우 기본값</param>
            <returns>attribute 정보를 반환</returns>
        </member>
        <member name="M:Pentacube.CAx.DFx.LDRC.Rule.RuleConnectorBlockESDProtectionCircuit.CreateRuleResult(Pentacube.CAx.DFx.LDRC.Rule.RuleConnectorBlockESDProtectionCircuit.ViolationInfo)">
            <summary>
            검증 결과 생성
            </summary>
            <param name="vio"></param>
            <returns></returns>
        </member>
        <member name="M:Pentacube.CAx.DFx.LDRC.Rule.RuleConnectorBlockESDProtectionCircuit.IsPowerGnd(Pentacube.CAx.ECAD.LcadIf.Model.PLDB.Net,Pentacube.CAx.ECAD.LcadIf.Model.PLDB.PLDB)">
            <summary>
            Power Ground 여부 검사
            </summary>
            <param name="net"></param>
            <param name="pldb"></param>
            <returns></returns>
        </member>
        <member name="M:Pentacube.CAx.DFx.LDRC.Rule.RuleConnectorBlockESDProtectionCircuit.FirstOrDefaultConnectedDiode(Pentacube.CAx.ECAD.LcadIf.Model.PLDB.Pin,Pentacube.CAx.ECAD.LcadIf.Model.PLDB.PLDB)">
            <summary>
            Pin과 연결된 첫번째 Diode를 찾는다.
            </summary>
            <param name="pin"></param>
            <param name="pldb"></param>
            <returns>Diode가 없으면 null, 있으면 해당 Diode의 Part 인스턴스</returns>
        </member>
        <member name="M:Pentacube.CAx.DFx.LDRC.Rule.RuleConnectorBlockESDProtectionCircuit.GetConnectedCapAndPassFailResult(Pentacube.CAx.ECAD.LcadIf.Model.PLDB.Pin,Pentacube.CAx.ECAD.LcadIf.Model.PLDB.PLDB)">
            <summary>
            pin-Cap-GND인 Cap을 찾는다.
            찾은 Cap의 내압과 용량에 따라 Pass, Fail 결과를 반환한다.
            </summary>
            <param name="pin"></param>
            <param name="pldb"></param>
            <returns>PassFail 여부, Cap, Error Message</returns>
        </member>
        <member name="M:Pentacube.CAx.DFx.LDRC.Rule.RuleConnectorBlockESDProtectionCircuit.GetGndConnectedCapacitors(Pentacube.CAx.ECAD.LcadIf.Model.PLDB.Net,Pentacube.CAx.ECAD.LcadIf.Model.PLDB.PLDB)">
            <summary>
            Net과 Ground로 연결되는 Capacitor를 찾는 로직
            </summary>
            <param name="net"></param>
            <param name="pldb"></param>
            <returns></returns>
        </member>
        <member name="T:Pentacube.CAx.DFx.LDRC.Rule.RuleElectrolyticCapReversePoloritySettingView">
            <summary>
            Interaction logic for RuleElectrolyticCapReversePoloritySettingView.xaml
            </summary>
            <summary>
            RuleElectrolyticCapReversePoloritySettingView
            </summary>
        </member>
        <member name="M:Pentacube.CAx.DFx.LDRC.Rule.RuleElectrolyticCapReversePoloritySettingView.InitializeComponent">
            <summary>
            InitializeComponent
            </summary>
        </member>
        <member name="T:Pentacube.CAx.DFx.LDRC.Rule.RuleHighSideOutputBplusShortSettingView">
            <summary>
            Interaction logic for RuleHighSideOutputBplusShortSettingView.xaml
            </summary>
            <summary>
            RuleHighSideOutputBplusShortSettingView
            </summary>
        </member>
        <member name="M:Pentacube.CAx.DFx.LDRC.Rule.RuleHighSideOutputBplusShortSettingView.InitializeComponent">
            <summary>
            InitializeComponent
            </summary>
        </member>
        <member name="T:Pentacube.CAx.DFx.LDRC.Rule.RuleLoadDumpProtectionCircuitSettingView">
            <summary>
            Interaction logic for RuleReversedConnectionProtectingCircuitSettingView.xaml
            </summary>
            <summary>
            RuleLoadDumpProtectionCircuitSettingView
            </summary>
        </member>
        <member name="M:Pentacube.CAx.DFx.LDRC.Rule.RuleLoadDumpProtectionCircuitSettingView.InitializeComponent">
            <summary>
            InitializeComponent
            </summary>
        </member>
        <member name="M:Pentacube.CAx.DFx.LDRC.Rule.RuleParallelPartUsed.GetPinNumber(Pentacube.CAx.ECAD.LcadIf.Model.PLDB.Part)">
            <summary>
            측정 부품, Pin Type에 따라 해당 pin number를 Return (string)
            </summary>
            <param name="part">측정부품</param>
            <returns>해당 pin number (Spec이 Null일 경우 Null을 Return)</returns>
            <remarks>
            현재 BJT, FET 만 정확한 Logic이 구현되어 있음.
            나머지는 Anode, Cathode 구현 이후 진행해야 함.
            </remarks>
        </member>
        <member name="M:Pentacube.CAx.DFx.LDRC.Rule.RuleParallelPartUsed.GetPinType(Pentacube.CAx.ECAD.LcadIf.Model.PLDB.Part,System.String)">
            <summary>
            측정 부품, Pin Type에 따라 해당 pin type을 Return (string)
            </summary>
            <param name="part">측정부품</param>
            <param name="pinNum">측정부품</param>
            <returns>해당 pin type(Spec이 Null일 경우 Null을 Return)</returns>
        </member>
        <member name="T:Pentacube.CAx.DFx.LDRC.Rule.RuleParallelPartUsedSettingView">
            <summary>
            RuleParrellTRUsedSettingView.xaml에 대한 상호 작용 논리
            </summary>
            <summary>
            RuleParallelPartUsedSettingView
            </summary>
        </member>
        <member name="M:Pentacube.CAx.DFx.LDRC.Rule.RuleParallelPartUsedSettingView.InitializeComponent">
            <summary>
            InitializeComponent
            </summary>
        </member>
        <member name="T:Pentacube.CAx.DFx.LDRC.Rule.RulePowerBlockCapHipoSettingView">
            <summary>
            Interaction logic for RulePowerBlockCapHipoView.xaml
            </summary>
            <summary>
            RulePowerBlockCapHipoSettingView
            </summary>
        </member>
        <member name="M:Pentacube.CAx.DFx.LDRC.Rule.RulePowerBlockCapHipoSettingView.InitializeComponent">
            <summary>
            InitializeComponent
            </summary>
        </member>
        <member name="P:Pentacube.CAx.DFx.LDRC.Rule.RuleIcInOutVoltageCompatibilityParameters.Voltage">
            <summary>
            사용자가 임의로 전원단에 인가한 과전압
            </summary>
        </member>
        <member name="M:Pentacube.CAx.DFx.LDRC.Rule.RulePowerBlockESDProtectionCap.ConvertCalculatingUnit(System.Double,Pentacube.Infrastructure.eUnit,Pentacube.Infrastructure.eUnit@)">
            <summary>
            단위 변환 함수 (기준 단위로 변환)
            </summary>
            <param name="value">변환할 값</param>
            <param name="unit">변환전 단위</param>
            <returns>기준 단위로 변환된 값</returns>
        </member>
        <member name="T:Pentacube.CAx.DFx.LDRC.Rule.RulePowerBlockESDProtectionCapSettingView">
            <summary>
            RulePowerBlockESDProtectionCapSettingView.xaml에 대한 상호 작용 논리
            </summary>
            <summary>
            RulePowerBlockESDProtectionCapSettingView
            </summary>
        </member>
        <member name="M:Pentacube.CAx.DFx.LDRC.Rule.RulePowerBlockESDProtectionCapSettingView.InitializeComponent">
            <summary>
            InitializeComponent
            </summary>
        </member>
        <member name="T:Pentacube.CAx.DFx.LDRC.Rule.RulePowerBlockCapUsedSettingView">
            <summary>
            RulePowerBlockTantalCapUsedSettingView.xaml에 대한 상호 작용 논리
            </summary>
            <summary>
            RulePowerBlockCapUsedSettingView
            </summary>
        </member>
        <member name="M:Pentacube.CAx.DFx.LDRC.Rule.RulePowerBlockCapUsedSettingView.InitializeComponent">
            <summary>
            InitializeComponent
            </summary>
        </member>
        <member name="P:Pentacube.CAx.DFx.LDRC.Rule.RulePowerBlockPassivePartsHipoParameters.Voltage">
            <summary>
            사용자가 임의로 전원단에 인가한 과전압
            </summary>
        </member>
        <member name="T:Pentacube.CAx.DFx.LDRC.Rule.RulePowerBlockPassivePartsHipoSettingView">
            <summary>
            Interaction logic for RulePowerBlockPassivePartsHipoSettingView.xaml
            </summary>
            <summary>
            RulePowerBlockPassivePartsHipoSettingView
            </summary>
        </member>
        <member name="M:Pentacube.CAx.DFx.LDRC.Rule.RulePowerBlockPassivePartsHipoSettingView.InitializeComponent">
            <summary>
            InitializeComponent
            </summary>
        </member>
        <member name="M:Pentacube.CAx.DFx.LDRC.Rule.RulePullUpResisterUsed.ConvertConfigUnitToCalculatingUnit(System.Double,Pentacube.Infrastructure.eUnit)">
            <summary>
            단위 변환 함수 (기준 단위로 변환)
            </summary>
            <param name="value">변환할 값</param>
            <param name="unit">변환전 단위</param>
            <returns>기준 단위로 변환된 값</returns>
        </member>
        <member name="T:Pentacube.CAx.DFx.LDRC.Rule.RulePullUpResisterUsedSettingView">
            <summary>
            RulePullUpResisterUsedSettingView.xaml에 대한 상호 작용 논리
            </summary>
            <summary>
            RulePullUpResisterUsedSettingView
            </summary>
        </member>
        <member name="M:Pentacube.CAx.DFx.LDRC.Rule.RulePullUpResisterUsedSettingView.InitializeComponent">
            <summary>
            InitializeComponent
            </summary>
        </member>
        <member name="T:Pentacube.CAx.DFx.LDRC.Rule.RuleRegulatorOutputCapSettingView">
            <summary>
            RuleRegulatorOutputCapSettingView.xaml에 대한 상호 작용 논리
            </summary>
            <summary>
            RuleRegulatorOutputCapSettingView
            </summary>
        </member>
        <member name="M:Pentacube.CAx.DFx.LDRC.Rule.RuleRegulatorOutputCapSettingView.InitializeComponent">
            <summary>
            InitializeComponent
            </summary>
        </member>
        <member name="T:Pentacube.CAx.DFx.LDRC.Rule.RuleReversedConnectionProtectingCircuitSettingView">
            <summary>
            Interaction logic for RuleReversedConnectionProtectingCircuitSettingView.xaml
            </summary>
            <summary>
            RuleReversedConnectionProtectingCircuitSettingView
            </summary>
        </member>
        <member name="M:Pentacube.CAx.DFx.LDRC.Rule.RuleReversedConnectionProtectingCircuitSettingView.InitializeComponent">
            <summary>
            InitializeComponent
            </summary>
        </member>
        <member name="T:Pentacube.CAx.DFx.LDRC.Rule.RuleSignalPinLowPowerOperatingSettingView">
            <summary>
            RuleSignalPinLowPowerOperatingSettingView.xaml에 대한 상호 작용 논리
            </summary>
            <summary>
            RuleSignalPinLowPowerOperatingSettingView
            </summary>
        </member>
        <member name="M:Pentacube.CAx.DFx.LDRC.Rule.RuleSignalPinLowPowerOperatingSettingView.InitializeComponent">
            <summary>
            InitializeComponent
            </summary>
        </member>
        <member name="M:Pentacube.CAx.DFx.LDRC.ViewModels.AutomotiveDRCConfigViewModel.GetSubModels">
            <summary>
            Submodel 목록을 반환합니다.
            </summary>
            <returns></returns>
        </member>
        <member name="M:Pentacube.CAx.DFx.LDRC.ViewModels.AutomotiveDRCConfigViewModel.DoSubModelAction``1(System.Action{``0})">
            <summary>
            특정 타입을 가진 서브 모듈에 대해 일정한 동작을 실행합니다.
            </summary>
            <typeparam name="T"></typeparam>
            <param name="collectioAction"></param>
        </member>
        <member name="T:Pentacube.CAx.DFx.LDRC.Views.AutomotiveDRCConfigView">
            <summary>
            HyundaiDRCConfig.xaml에 대한 상호 작용 논리
            </summary>
            <summary>
            AutomotiveDRCConfigView
            </summary>
        </member>
        <member name="M:Pentacube.CAx.DFx.LDRC.Views.AutomotiveDRCConfigView.InitializeComponent">
            <summary>
            InitializeComponent
            </summary>
        </member>
    </members>
</doc>
