<?xml version="1.0"?>
<doc>
    <assembly>
        <name>Pentacube.CAx.DFx.DRCBase</name>
    </assembly>
    <members>
        <member name="M:Pentacube.CAx.DFx.DRCBase.LicFeatureExt.GetLicFeatures(Pentacube.CAx.DFx.DRCBase.RuleBase)">
            <summary>
            ruleBase에 대한 License Feature 목록을 반환합니다.
            </summary>
            <param name="ruleBase"></param>
            <returns></returns>
        </member>
        <member name="M:Pentacube.CAx.DFx.DRCBase.LicFeatureExt.GetAvailableLicFeature(Pentacube.CAx.DFx.DRCBase.RuleBase)">
            <summary>
            rulebase에 대한 Feature 중 Checkout을 시도할 Feature를 반환합니다.
            </summary>
            <param name="ruleBase"></param>
            <returns></returns>
        </member>
        <member name="T:Pentacube.CAx.DFx.DRCBase.DebugRuleAttribute">
            <summary>
            이 Attribute를 설정하면, RuleDB.xml에 기술되지 않아도 Rule 목록에 나타나게 됩니다.
            DebugRuleDescAttribute를 반드시 정의해야 합니다.
            이 Attribute는 개발에만 사용되어야 합니다.
            </summary>
        </member>
        <member name="P:Pentacube.CAx.DFx.DRCBase.DebugRuleAttribute.ShowRelease">
            <summary>
            Release 모드일 때 목록에 나타나도록 할지 지정합니다.
            </summary>
        </member>
        <member name="M:Pentacube.CAx.DFx.DRCBase.DebugRuleAttribute.#ctor(System.Boolean)">
            <summary>
            이 Rule이 디버그 중인 Rule을 나타냅니다.
            </summary>
            <param name="showRelease">Release 빌드일 때 목록에 나타날지를 지정합니다.</param>
        </member>
        <member name="T:Pentacube.CAx.DFx.DRCBase.DebugRuleDescAttribute">
            <summary>
            Debug Rule의 표시될 이름과 설명을 지정합니다.
            </summary>
        </member>
        <member name="P:Pentacube.CAx.DFx.DRCBase.DebugRuleDescAttribute.Title">
            <summary>
            Xml의 DisplayText를 나타냅니다. 목록에 나타날 이름을 설정합니다.
            </summary>
        </member>
        <member name="P:Pentacube.CAx.DFx.DRCBase.DebugRuleDescAttribute.Description">
            <summary>
            Xml의 DisplayDescription을 나타냅니다. Rule 자체의 설명을 나타냅니다.
            </summary>
        </member>
        <member name="M:Pentacube.CAx.DFx.DRCBase.DebugRuleDescAttribute.#ctor(System.String,System.String)">
            <summary>
            이 Rule이 디버그 중인 Rule을 나타냅니다.
            </summary>
            <param name="title">목록에 표시될 이름을 설정합니다.</param>
            <param name="description"></param>
        </member>
        <member name="T:Pentacube.CAx.DFx.DRCBase.DebugRuleParamAttribute">
            <summary>
            Debug시 사용될 Rule Parameter를 지정합니다.
            이 Attribute는 여러번 사용할 수 있습니다.
            </summary>
        </member>
        <member name="P:Pentacube.CAx.DFx.DRCBase.DebugRuleParamAttribute.ParameterAttrs">
            <summary>
            Attribute의 Key와 Value를 저장합니다.
            </summary>
        </member>
        <member name="M:Pentacube.CAx.DFx.DRCBase.DebugRuleParamAttribute.#ctor(System.String[])">
            <summary>
            Rule의 Parameter를 정의합니다.
            </summary>
            <param name="parameters">[키1, 값1, 키2, 값2, ...] 형식 목록</param>
        </member>
        <member name="T:Pentacube.CAx.DFx.DRCBase.DebugRuleTemplateAttribute">
            <summary>
            Debug Rule의 DescriptionTemplate를 지정합니다.
            이 Attribute는 여러번 사용할 수 있습니다.
            </summary>
        </member>
        <member name="M:Pentacube.CAx.DFx.DRCBase.DebugRuleTemplateAttribute.#ctor(System.String,System.String)">
            <summary>
            Rule의 출력 Template를 정의합니다
            </summary>
            <param name="name">Template 이름</param>
            <param name="template">Template 정보</param>
        </member>
        <member name="M:Pentacube.CAx.DFx.DRCBase.DebugRuleHelper.GetDebugRulesAllAssemblies">
            <summary>
            전역 AppDomain에 등록된 모든 DebugRule을 찾습니다.
            </summary>
            <returns></returns>
        </member>
        <member name="M:Pentacube.CAx.DFx.DRCBase.DebugRuleHelper.GetDebugRulesAllAssemblies(System.AppDomain)">
            <summary>
            대상 AppDomain에 등록된 모든 DebugRule을 찾습니다.
            </summary>
            <param name="appDomain"></param>
            <returns></returns>
        </member>
        <member name="M:Pentacube.CAx.DFx.DRCBase.DebugRuleHelper.GetDebugRules(System.Reflection.Assembly)">
            <summary>
            해당 Assembly에 있는 모든 DebugRule을 찾습니다.
            </summary>
            <param name="assembly"></param>
            <returns></returns>
        </member>
        <member name="M:Pentacube.CAx.DFx.DRCBase.DebugRuleHelper.IsDebugRule(System.Type)">
            <summary>
            대상 타입에 Debug Rule 정보가 설정되었는지 확인합니다.
            </summary>
            <param name="ruleType"></param>
            <returns></returns>
        </member>
        <member name="M:Pentacube.CAx.DFx.DRCBase.DebugRuleHelper.GetDebugRuleAttrs``1(System.Type)">
            <summary>
            대상 타입에서 Debug관련 Attribute를 추출합니다.
            </summary>
            <typeparam name="T"></typeparam>
            <param name="ruleType"></param>
            <returns></returns>
        </member>
        <member name="M:Pentacube.CAx.DFx.DRCBase.DebugRuleHelper.GenerateElementFromDebugDatas(System.Collections.Generic.IEnumerable{System.Type},Prism.Logging.ILoggerFacade)">
            <summary>
            Debug Rule Type 목록을 받아 Debug Rule Group Xml을 생성합니다.
            </summary>
            <param name="ruleTypes"></param>
            <param name="logger"></param>
            <returns></returns>
        </member>
        <member name="M:Pentacube.CAx.DFx.DRCBase.DebugRuleHelper.GenerateElementFromDebugData(System.Type)">
            <summary>
            대상 Type의 Debug Rule 관련 Attribute를 읽어, Xml 데이터를 생성합니다.
            </summary>
            <param name="ruleType">Rule Type</param>
            <returns>RuleDB xml data</returns>
        </member>
        <member name="T:Pentacube.CAx.DFx.DRCBase.eRuleApplyLevel">
            <summary>
            룰의 심각도 정의(룰 자체의 심각도)
            </summary>
        </member>
        <member name="T:Pentacube.CAx.DFx.DRCBase.eRuleSeverity">
            <summary>
            룰의 심각도 정의(에러의 심각도)
            </summary>
        </member>
        <member name="T:Pentacube.CAx.DFx.DRCBase.eRuleSignOffStatus">
            <summary>
            검증 SignOff 결과 정의
            </summary>
        </member>
        <member name="T:Pentacube.CAx.DFx.DRCBase.eProgressStatus">
            <summary>
            ProgressBar의 상태를 정의
            </summary>
        </member>
        <member name="T:Pentacube.CAx.DFx.DRCBase.eTargetNetGroupFilter">
            <summary>
            적용할 대상 넷그룹 필터 정의
            </summary>
        </member>
        <member name="T:Pentacube.CAx.DFx.DRCBase.ePreworkJob">
            <summary>
            Preworker에서 사용할 작업
            </summary>
        </member>
        <member name="T:Pentacube.CAx.DFx.DRCBase.IPointToPointText">
            <summary>
            두 점을 이은 선과, 해당 표시가 의미하는 Text를 정의합니다.
            </summary>
        </member>
        <member name="P:Pentacube.CAx.DFx.DRCBase.IPointToPointText.Point1">
            <summary>
            점1
            </summary>
        </member>
        <member name="P:Pentacube.CAx.DFx.DRCBase.IPointToPointText.Point2">
            <summary>
            점2
            </summary>
        </member>
        <member name="P:Pentacube.CAx.DFx.DRCBase.IPointToPointText.Text">
            <summary>
            표시될 Text
            </summary>
        </member>
        <member name="T:Pentacube.CAx.DFx.DRCBase.RuleAction">
            <summary>
            Rule이 Run되기 전 작업을 정의합니다.
            </summary>
            <param name="rule">대상 Rule</param>
        </member>
        <member name="T:Pentacube.CAx.DFx.DRCBase.RuleBase">
            <summary>
            룰의 기본 클래스
            </summary>
        </member>
        <member name="P:Pentacube.CAx.DFx.DRCBase.RuleBase.UUID">
            <summary>
            Rule의 Unique한 ID
            </summary>
        </member>
        <member name="P:Pentacube.CAx.DFx.DRCBase.RuleBase.ClassID">
            <summary>
            룰 클래스의 ID
            </summary>
        </member>
        <member name="P:Pentacube.CAx.DFx.DRCBase.RuleBase.Document">
            <summary>
            룰을 Display할 인프라지스틱 Document 컨트롤의 클래스
            </summary>
        </member>
        <member name="P:Pentacube.CAx.DFx.DRCBase.RuleBase.DisplayName">
            <summary>
            Rule Pane 화면에 표시될 룰 이름
            </summary>
        </member>
        <member name="P:Pentacube.CAx.DFx.DRCBase.RuleBase.DisplayDescription">
            <summary>
            Rule Pane 화면에 표시될 룰 설명
            </summary>
        </member>
        <member name="P:Pentacube.CAx.DFx.DRCBase.RuleBase.RuleDescriptionFileName">
            <summary>
            문서파일이름
            </summary>
        </member>
        <member name="P:Pentacube.CAx.DFx.DRCBase.RuleBase.RuleApplyLevel">
            <summary>
            룰의 심각도
            </summary>
        </member>
        <member name="P:Pentacube.CAx.DFx.DRCBase.RuleBase.TargetNetGroups">
            <summary>
            룰을 적용할 대상 NetGroup 목록
            </summary>
        </member>
        <member name="P:Pentacube.CAx.DFx.DRCBase.RuleBase.RuleResults">
            <summary>
            룰 결과 (위배된 내용) 목록
            </summary>
        </member>
        <member name="P:Pentacube.CAx.DFx.DRCBase.RuleBase.CurrentProgress">
            <summary>
            현제 룰 검증 Progress Percentage (1~100)
            </summary>
        </member>
        <member name="P:Pentacube.CAx.DFx.DRCBase.RuleBase.IsChecked">
            <summary>
            rule 항목이 선택되었는지 여부
            </summary>
        </member>
        <member name="P:Pentacube.CAx.DFx.DRCBase.RuleBase.IsRuleSettingEnabled">
            <summary>
            룰 설정값 변경 가능여부
            </summary>
        </member>
        <member name="P:Pentacube.CAx.DFx.DRCBase.RuleBase.RuleSignOffStatus">
            <summary>
            Rule이 OK되었는지 여부
            </summary>
        </member>
        <member name="P:Pentacube.CAx.DFx.DRCBase.RuleBase.DescriptionTemplates">
            <summary>
            ruleDB.XML에 기술된 DescriptionTemplate
            </summary>
        </member>
        <member name="P:Pentacube.CAx.DFx.DRCBase.RuleBase.DescKeywordValue">
            <summary>
            Description에 사용되는 키워드 데이터 딕셔너리
            </summary>
        </member>
        <member name="P:Pentacube.CAx.DFx.DRCBase.RuleBase.AvailableKeywords">
            <summary>
            DescriptionTemplates에서 사용가능한 Keyword 목록을 정의합니다.
            </summary>
        </member>
        <member name="P:Pentacube.CAx.DFx.DRCBase.RuleBase.AvailableKeywordsStr">
            <summary>
            DescriptionTemplates에서 사용가능한 Keyword 목록 (문자열)
            </summary>
        </member>
        <member name="P:Pentacube.CAx.DFx.DRCBase.RuleBase.AvailableTemplateNames">
            <summary>
            DescriptionTemplates Name 목록을 기술합니다.
            </summary>
        </member>
        <member name="P:Pentacube.CAx.DFx.DRCBase.RuleBase.AvailableTemplateNamesStr">
            <summary>
            DescriptionTemplates Name 목록 (문자열)
            </summary>
        </member>
        <member name="P:Pentacube.CAx.DFx.DRCBase.RuleBase.SignOffDescription">
            <summary>
            Sign-Off 결과를 기술 : Pass or Fail
            </summary>
        </member>
        <member name="P:Pentacube.CAx.DFx.DRCBase.RuleBase.RuleDBParameters">
            <summary>
            RuleDB.xml의 Parameters Element에서 읽은 값
            </summary>
        </member>
        <member name="P:Pentacube.CAx.DFx.DRCBase.RuleBase.TargetProject">
            <summary>
            대상 프로젝트
            </summary>
        </member>
        <member name="P:Pentacube.CAx.DFx.DRCBase.RuleBase.RuleParameters">
            <summary>
            구상 파라미터 클래스의 인스턴스
            구상 파라미터 클래스는 룰 구상클래스의 CreateInstance()에서 생성되어 룰 구상 클래스와 매핑됨
            </summary>
        </member>
        <member name="P:Pentacube.CAx.DFx.DRCBase.RuleBase.Parent">
            <summary>
            This Rule이 포함된 RuleGroup
            </summary>
        </member>
        <member name="P:Pentacube.CAx.DFx.DRCBase.RuleBase.PreworkJobs">
            <summary>
            Prework 작업들을 저장 (DRC Prework)
            </summary>
        </member>
        <member name="E:Pentacube.CAx.DFx.DRCBase.RuleBase.Preworks">
            <summary>
            Rule이 Run 되기 전에 실행되는 작업
            </summary>
        </member>
        <member name="M:Pentacube.CAx.DFx.DRCBase.RuleBase.Run">
            <summary>
            구상클래스에서 구현해야할 Run 함수
            </summary>
            <returns></returns>
        </member>
        <member name="M:Pentacube.CAx.DFx.DRCBase.RuleBase.BuildResultDescription(System.String)">
             <summary>
            
             </summary>
             <param name="templateName">XML에 표기된 DescriptTemplate Name</param>
             <returns></returns>
        </member>
        <member name="M:Pentacube.CAx.DFx.DRCBase.RuleBase.SetRepoManager(Pentacube.Infrastructure.DataAccess.IRepositoryManager)">
            <summary>
            Rule구현에 필요한 Repository를 가져와 _repoManager에 저장
            </summary>
            <param name="repoManager"></param>
        </member>
        <member name="M:Pentacube.CAx.DFx.DRCBase.RuleBase.SetCadUnit(Pentacube.Infrastructure.eUnit)">
            <summary>
            CAD의 Unit을 저장
            </summary>
            <param name="unit"></param>
        </member>
        <member name="M:Pentacube.CAx.DFx.DRCBase.RuleBase.ProgressUpdate(System.Int32,System.Int32)">
            <summary>
            프로그래스바의 진행 상태를 설정
            </summary>
            <param name="currentIndex">현재 진행된 값</param>
            <param name="totalCount">전체 진행 값</param>
        </member>
        <member name="M:Pentacube.CAx.DFx.DRCBase.RuleBase.ProgressUpdate(Pentacube.CAx.DFx.DRCBase.eProgressStatus)">
            <summary>
            프로그래스바의 상태를 시작 혹은 끝으로 설정
            </summary>
            <param name="status"></param>
        </member>
        <member name="M:Pentacube.CAx.DFx.DRCBase.RuleBase.ProgressUpdate(System.Int32)">
            <summary>
            프로그래스바의 진행 상태를 설정 (0 ~ 100)
            </summary>
            <param name="value">현재 진행된 값</param>
        </member>
        <member name="M:Pentacube.CAx.DFx.DRCBase.RuleBase.RunPrework">
            <summary>
            Prework에 등록된 함수를 실행합니다.
            </summary>
        </member>
        <member name="M:Pentacube.CAx.DFx.DRCBase.RuleBase.Prework(Pentacube.CAx.DFx.DRCBase.RuleBase)">
            <summary>
            Rule의 Prework중 가장 먼저 실행되는 Prework를 정의합니다.
            </summary>
            <param name="rule"></param>
        </member>
        <member name="M:Pentacube.CAx.DFx.DRCBase.RuleBase.SetIsChecked(System.Boolean,System.Boolean)">
            <summary>
            Checkbox 값을 설정
            </summary>
            <param name="value">True/False</param>
            <param name="updateParent">부모 TreeItem을 변경 할지 여부</param>
        </member>
        <member name="M:Pentacube.CAx.DFx.DRCBase.RuleBase.SetParameter(System.Xml.Linq.XElement)">
            <summary>
            각 Rule 구상클래스에 매핑되는 구상 RuleParameters 클래스의 SetParameter(element)를 호출함
            </summary>
            <param name="parameterElement"></param>
        </member>
        <member name="T:Pentacube.CAx.DFx.DRCBase.RuleDBXmlParameter">
            <summary>
            RulePropertyBase와 중복됨. 정리 필요
            </summary>
        </member>
        <member name="T:Pentacube.CAx.DFx.DRCBase.RuleExceptionInfo">
            <summary>
            Rule 실행 중 발생한 에러를 나타냅니다.
            해당 자료구조는 Exception을 정의하지 않습니다.
            </summary>
        </member>
        <member name="F:Pentacube.CAx.DFx.DRCBase.RuleExceptionInfo.DefaultTimeFormat">
            <summary>
            기본 Except Log Time Format
            </summary>
        </member>
        <member name="F:Pentacube.CAx.DFx.DRCBase.RuleExceptionInfo.TimeFormat">
            <summary>
            Except Log Time Format
            </summary>
        </member>
        <member name="P:Pentacube.CAx.DFx.DRCBase.RuleExceptionInfo.RuleName">
            <summary>
            에러가 난 Rule의 DisplayName
            </summary>
        </member>
        <member name="P:Pentacube.CAx.DFx.DRCBase.RuleExceptionInfo.Exception">
            <summary>
            에러 정보
            </summary>
        </member>
        <member name="P:Pentacube.CAx.DFx.DRCBase.RuleExceptionInfo.ExceptType">
            <summary>
            에러가 난 상황
            </summary>
        </member>
        <member name="P:Pentacube.CAx.DFx.DRCBase.RuleExceptionInfo.ExceptTime">
            <summary>
            에러가 난 시간
            </summary>
        </member>
        <member name="M:Pentacube.CAx.DFx.DRCBase.RuleExceptionInfo.GetExceptionInfo">
            <summary>
            Rule 이름, 상황, exception의 StackTrace를 출력합니다.
            </summary>
            <returns></returns>
        </member>
        <member name="T:Pentacube.CAx.DFx.DRCBase.RuleGroup">
            <summary>
            Rule Group을 정의하는 클래스
            </summary>
        </member>
        <member name="P:Pentacube.CAx.DFx.DRCBase.RuleGroup.Parent">
            <summary>
            This가 속한 RuleGroup
            </summary>
        </member>
        <member name="P:Pentacube.CAx.DFx.DRCBase.RuleGroup.Name">
            <summary>
            룰 그룹명
            </summary>
        </member>
        <member name="P:Pentacube.CAx.DFx.DRCBase.RuleGroup.DisplayName">
            <summary>
            UI에 표시되는 이름
            </summary>
        </member>
        <member name="P:Pentacube.CAx.DFx.DRCBase.RuleGroup.IsChecked">
            <summary>
            Tree의 Checkbox
            </summary>
        </member>
        <member name="P:Pentacube.CAx.DFx.DRCBase.RuleGroup.IsUserSettingEnabled">
            <summary>
            초기 RuleDB Loading시 로딩하여 하위 Rule별 사용자 설정 UI를 사용자 수정가능케 하는 옵션
            </summary>
        </member>
        <member name="M:Pentacube.CAx.DFx.DRCBase.RuleGroup.SetIsChecked(System.Nullable{System.Boolean},System.Boolean,System.Boolean)">
            <summary>
            Tree의 Checkbox를 설정
            </summary>
            <param name="value">True / False</param>
            <param name="updateChildren">자식 노드 업데이트 여부</param>
            <param name="updateParent">부모 노드 업데이트 여부</param>
        </member>
        <member name="M:Pentacube.CAx.DFx.DRCBase.RuleGroup.VerifyCheckState">
            <summary>
            Tree의 Children의 상태를 확인하여 자신의 Checkbox를 설정한다.
            </summary>
        </member>
        <member name="P:Pentacube.CAx.DFx.DRCBase.RuleGroup.Document">
            <summary>
            XamTreeGrid의 하위레벨과의 필드 매칭용 의미없는 데이터
            </summary>
        </member>
        <member name="P:Pentacube.CAx.DFx.DRCBase.RuleGroup.XXX_Result">
            <summary>
            XamTreeGrid의 하위레벨과의 필드 매칭용 의미없는 데이터
            </summary>
        </member>
        <member name="P:Pentacube.CAx.DFx.DRCBase.RuleGroup.XXX_RuleLevel">
            <summary>
            XamTreeGrid의 하위레벨과의 필드 매칭용 의미없는 데이터
            </summary>
        </member>
        <member name="P:Pentacube.CAx.DFx.DRCBase.RuleGroup.XXX_RuleProgress">
            <summary>
            XamTreeGrid의 하위레벨과의 필드 매칭용 의미없는 데이터
            </summary>
        </member>
        <member name="P:Pentacube.CAx.DFx.DRCBase.RuleGroup.Rules">
            <summary>
            룰목록
            </summary>
        </member>
        <member name="M:Pentacube.CAx.DFx.DRCBase.RuleGroup.UpdateProperty(System.String)">
            <summary>
            본 클래스내 프라퍼티 값 변경 이벤트 발행함수
            </summary>
            <param name="propertyName">변경 이벤트 발생시킬 프라러티 (현재는 IsChecked만 가능)</param>
        </member>
        <member name="M:Pentacube.CAx.DFx.DRCBase.RuleGroup.GetRulesRecursively">
            <summary>
            RuleGroup 내의 Rule을 재귀적으로 수집
            </summary>
            <returns></returns>
        </member>
        <member name="M:Pentacube.CAx.DFx.DRCBase.RuleGroup.SetRepoManagerInEveryRule(Pentacube.Infrastructure.DataAccess.IRepositoryManager)">
            <summary>
            Rule에 repoManager를 설정
            </summary>
            <param name="repoManager"></param>
        </member>
        <member name="P:Pentacube.CAx.DFx.DRCBase.MeasureDisplayInfo.Point1">
            <summary>
            점 1
            </summary>
        </member>
        <member name="P:Pentacube.CAx.DFx.DRCBase.MeasureDisplayInfo.Point2">
            <summary>
            점 2
            </summary>
        </member>
        <member name="P:Pentacube.CAx.DFx.DRCBase.MeasureDisplayInfo.Distance">
            <summary>
            두 점 사이의 거리
            </summary>
        </member>
        <member name="M:Pentacube.CAx.DFx.DRCBase.MeasureDisplayInfo.Create(System.Windows.Point,System.Windows.Point)">
            <summary>
            두 점으로 측정 표시를 출력합니다.
            거리는 자동 계산됩니다.
            </summary>
            <param name="pt1"></param>
            <param name="pt2"></param>
            <returns></returns>
        </member>
        <member name="M:Pentacube.CAx.DFx.DRCBase.MeasureDisplayInfo.Create(Pentacube.Graphics.Geometry.PDistanceInfo,Pentacube.Infrastructure.Service.ValueDisplayFormat)">
            <summary>
            두 점으로 측정 표시를 출력합니다.
            거리는 자동 계산됩니다.
            </summary>
            <param name="pt1"></param>
            <param name="pt2"></param>
            <returns></returns>
        </member>
        <member name="M:Pentacube.CAx.DFx.DRCBase.MeasureDisplayInfo.op_Implicit(Pentacube.Graphics.Geometry.PDistanceInfo)~Pentacube.CAx.DFx.DRCBase.MeasureDisplayInfo">
            <summary>
            PDistanceInfo 타입을 MeasureDisplayInfo로 암시적 캐스팅합니다.
            </summary>
            <param name="di">측정된 거리</param>
        </member>
        <member name="T:Pentacube.CAx.DFx.DRCBase.RuleParameterBase">
            <summary>
            룰파라미터 기반 추상클래스
            </summary>
        </member>
        <member name="P:Pentacube.CAx.DFx.DRCBase.RuleParameterBase.ClassID">
            <summary>
            클래스 ID
            </summary>
        </member>
        <member name="M:Pentacube.CAx.DFx.DRCBase.RuleParameterBase.SetDefaultParameter">
            <summary>
            구상클래스에서 구현해야할 기본 파라미터 설정 함수
            </summary>
        </member>
        <member name="M:Pentacube.CAx.DFx.DRCBase.RuleParameterBase.SetParameterFromXML(System.Xml.Linq.XElement)">
            <summary>
            구상클래스에서 구현해야할 파라미터를 XML로 부터 Set하는 함수
            </summary>
            <param name="parameterElement"></param>
        </member>
        <member name="M:Pentacube.CAx.DFx.DRCBase.RuleParameterBase.CreateSettingXMLElement">
            <summary>
            구상클래스에서 구현해야할 Setting XML Element를 생성하는 함수
            RuleDB XML로 저장시 사용됨
            </summary>
            <returns></returns>
        </member>
        <member name="T:Pentacube.CAx.DFx.DRCBase.RuleResultBase">
            <summary>
            Rule 결과를 정의하는 클래스
            </summary>
        </member>
        <member name="F:Pentacube.CAx.DFx.DRCBase.RuleResultBase._hyperLinkDisplayInfos">
            <summary>
            RichDocumentText의 HyperLink와 연결된 CadDisplayInfo를 저장
            HyperLink의 Uri가 Key가 됨
            </summary>
        </member>
        <member name="P:Pentacube.CAx.DFx.DRCBase.RuleResultBase.MasterPCBConnectorForSDRC">
            <summary>
            SDRC에서 오류가 발생한 Connector를 Highlight 해주기 위한 용도의 커넥터정보
            </summary>
        </member>
        <member name="P:Pentacube.CAx.DFx.DRCBase.RuleResultBase.Description">
            <summary>
            사용자에게 표시할 에러 메세지
            </summary>
        </member>
        <member name="P:Pentacube.CAx.DFx.DRCBase.RuleResultBase.RuleLevel">
            <summary>
            Rule의 레벨(필수, 권고, 참고)
            </summary>
        </member>
        <member name="P:Pentacube.CAx.DFx.DRCBase.RuleResultBase.Severity">
            <summary>
            Rule의 오류 수준
            </summary>
            <remarks>RuleBase의 값과 동일</remarks>
        </member>
        <member name="P:Pentacube.CAx.DFx.DRCBase.RuleResultBase.VerifyTargetName">
            <summary>
            검증 대상을 기술
            </summary>
        </member>
        <member name="P:Pentacube.CAx.DFx.DRCBase.RuleResultBase.SignOffStatus">
            <summary>
            오류의 SignOff 상태 (Pass/Fail)
            </summary>
        </member>
        <member name="P:Pentacube.CAx.DFx.DRCBase.RuleResultBase.MasterPCBConnectorReference">
            <summary>
            SysemDRC에서 사용되는  MasterPCB의 커넥터 레퍼런스
            </summary>
        </member>
        <member name="P:Pentacube.CAx.DFx.DRCBase.RuleResultBase.MasterPCBConnectorPinNetname">
            <summary>
            SysemDRC에서 사용되는 MasterPCB의 커넥터핀과 연결된 넷이름
            </summary>
        </member>
        <member name="P:Pentacube.CAx.DFx.DRCBase.RuleResultBase.MasterPCBConnectorPinName">
            <summary>
            SysemDRC에서 사용되는  MasterPCB의 커넥터 핀이름
            </summary>
        </member>
        <member name="P:Pentacube.CAx.DFx.DRCBase.RuleResultBase.InformationDocument">
            <summary>
            Information View에 표시될 내용
            </summary>
        </member>
        <member name="P:Pentacube.CAx.DFx.DRCBase.RuleResultBase.RichTextDocument">
            <summary>
            Inforamtion View - RichTextBox에 표시해줄 내용, Infragstics를 참조하지 않기 위해 object로 선언
            </summary>
        </member>
        <member name="M:Pentacube.CAx.DFx.DRCBase.RuleResultBase.SetDescription(System.String)">
            <summary>
            Description에 ErrorMessage를 저장
            </summary>
            <param name="errMsg"></param>
        </member>
        <member name="M:Pentacube.CAx.DFx.DRCBase.RuleResultBase.AddHyperLinkCadDisplayInfo(System.String,Pentacube.CAx.DFx.DRCBase.ICadDisplayInfo)">
            <summary>
            Uri와 CadDisplayInfo를 입력받아 Hyperlink 정보를 추가
            </summary>
            <param name="uri"></param>
            <param name="displayInfo"></param>
        </member>
        <member name="M:Pentacube.CAx.DFx.DRCBase.RuleResultBase.AddHyperLinkCadDisplayInfo(Pentacube.CAx.DFx.DRCBase.ICadDisplayInfo)">
            <summary>
            CadDisplayInfo를 입력받아 Hyperlink 정보를 추가
            </summary>
            <param name="displayInfo"></param>
            <returns>생성된 hyperlink의 uri</returns>
        </member>
        <member name="M:Pentacube.CAx.DFx.DRCBase.RuleResultBase.MapHyperLinkCadDisplayInfo``1(System.Collections.Generic.IEnumerable{``0},System.Func{``0,System.String},System.Func{``0,Pentacube.CAx.DFx.DRCBase.ICadDisplayInfo})">
             <summary>
             각각의 item에서 uri와 CadDisplayInfo를 생성/선택하여 Hyperlink 정보를 입력
            
             TItem은 일반적으로 RichDocumentTable의 Row 정보
             </summary>
             <typeparam name="TItem">Hyperlink 정보가 들어있는 객체</typeparam>
             <param name="items"></param>
             <param name="uriSelector">하나의 TItem에서 Uri를 생성/선택</param>
             <param name="displayInfoSelector">하나의 TItem에서 CadDisplayInfo를 생성/선택</param>
             <code>
             class Sample {
                 public string Uri;
                 public CadDisplayInfo DisplayInfo;
             }
            
             ...
            
             var sampleItems = new Sample[] {
                 ...
             };
            
             ruleResult.AddHyperLinksCadDisplayInfo(sampleItems, s => s.Uri, s => s.DisplayInfo);
             </code>
        </member>
        <member name="T:Pentacube.CAx.DFx.DRCBase.IHyperlinkMetaObject">
            <summary>
            인터페이스를 상속 받으면, 자료구조의 특정 값의 Hyperlink의 URI를 설정한다.
            </summary>
        </member>
        <member name="M:Pentacube.CAx.DFx.DRCBase.IHyperlinkMetaObject.BindingHyperlink(System.Action{System.String,Pentacube.CAx.DFx.DRCBase.ICadDisplayInfo})">
            <summary>
            Hyperlink를 등록한다
            </summary>
            <param name="bindingAct">
            Uri와 CadDisplayInfo를 넘겨 Hyperlink를 등록하는 Action
            일반적으로 RuleResult.AddHyperLinkCadDisplayInfo(string, CadDisplayInfo)를 사용하면 됨
            </param>
        </member>
        <member name="T:Pentacube.CAx.DFx.DRCBase.IRandomUriHyperlinkMetaObject">
            <summary>
            인터페이스를 상속 받으면, 자료구조의 특정 값의 Hyperlink의 URI를 설정한다.
            </summary>
        </member>
        <member name="M:Pentacube.CAx.DFx.DRCBase.IRandomUriHyperlinkMetaObject.BindingRandUriHyperlink(System.Func{Pentacube.CAx.DFx.DRCBase.ICadDisplayInfo,System.String})">
            <summary>
            Hyperlink를 등록하고, 랜덤 생성된 Uri를 객체에 설정
            </summary>
            <param name="bindingFunc">
            CadDisplayInfo를 넣어, Uri를 반환받는 함수.
            일반적으로 RuleResult.AddHyperLinkCadDisplayInfo(CadDisplayInfo)를 사용하면 됨</param>
        </member>
        <member name="T:Pentacube.CAx.DFx.DRCBase.RuleResultHyperlinkExt">
            <summary>
            Hyperlink와 관련된 RuleResult의 Extension Class
            </summary>
        </member>
        <member name="M:Pentacube.CAx.DFx.DRCBase.RuleResultHyperlinkExt.BindingHyperlinks(Pentacube.CAx.DFx.DRCBase.RuleResultBase,System.Collections.Generic.IEnumerable{Pentacube.CAx.DFx.DRCBase.IHyperlinkMetaObject})">
            <summary>
            RuleResult에 Hyperlink 정보를 바인딩합니다.
            </summary>
            <param name="ruleResult"></param>
            <param name="hyperlinkObjects"></param>
            <returns></returns>
        </member>
        <member name="M:Pentacube.CAx.DFx.DRCBase.RuleResultHyperlinkExt.BindingHyperlinks(Pentacube.CAx.DFx.DRCBase.RuleResultBase,System.Collections.Generic.IEnumerable{Pentacube.CAx.DFx.DRCBase.IRandomUriHyperlinkMetaObject})">
            <summary>
            RuleResult에 Hyperlink 정보를 바인딩합니다.
            </summary>
            <param name="ruleResult"></param>
            <param name="hyperlinkObjects"></param>
            <returns></returns>
        </member>
        <member name="M:Pentacube.CAx.DFx.DRCBase.RuleResultHyperlinkExt.BindingHyperlinks``1(Pentacube.CAx.DFx.DRCBase.RuleResultBase,System.Collections.Generic.IEnumerable{``0})">
            <summary>
            RuleResult에 Hyperlink 정보를 바인딩합니다.
            </summary>
            <param name="ruleResult"></param>
            <param name="objects"></param>
            <returns></returns>
        </member>
        <member name="T:Pentacube.CAx.DFx.DRCBase.RuleTargetBase`1">
            <summary>
            Rule을 세부 단계로 나눠 진행합니다.
            이 모델은 기존 RuleBase를 상속받은 객체가 해야 했던 일부 Boilerplate를 처리합니다
            처리하는 Boilerplate
              1. 검증 대상의 수에 따라 Progress Bar를 자동으로 설정
              2. 검증 결과 Pass/Fail을 자동으로 처리
            </summary>
            <typeparam name="TVerifyTarget">각 단계에 제공되는 정보를 지정합니다</typeparam>
        </member>
        <member name="M:Pentacube.CAx.DFx.DRCBase.RuleTargetBase`1.FetchVerifyTargets">
            <summary>
            Rule 내의 검사 대상을 구성한다.
            RuleParameters에서 세부 parameter 목록을 가져온다.
            이 단계에서 Rule이 동작하는데 필요한 정보를 초기화할 수 있다.
            </summary>
            <returns>각 단계의 Parameter 목록</returns>
        </member>
        <member name="M:Pentacube.CAx.DFx.DRCBase.RuleTargetBase`1.Verify(`0)">
            <summary>
            검사 대상별로 검증을 수행
            </summary>
            <param name="target">검증 대상</param>
            <returns>
            Viewer 좌측 하단에 위치하는 하나의 결과입니다.
            만약 null일 경우 결과에 추가되지 않습니다.
            </returns>
        </member>
        <member name="M:Pentacube.CAx.DFx.DRCBase.RuleTargetBase`1.ResultSignOffStatus(System.Collections.Generic.IEnumerable{Pentacube.CAx.DFx.DRCBase.RuleResultBase})">
            <summary>
            RuleResult 목록을 기반으로 SignOffResult를 반환합니다
            </summary>
            <param name="results">실행 결과</param>
            <returns></returns>
        </member>
        <member name="M:Pentacube.CAx.DFx.DRCBase.RuleTargetBase`1.CreateAllPassRuleResult(System.Collections.Generic.List{`0})">
            <summary>
            All Pass Case에 대한 Rule Result 생성 가상 함수
            </summary>
            <param name="fetchedParams">검사 대상</param>
            <returns></returns>
        </member>
        <member name="M:Pentacube.CAx.DFx.DRCBase.RuleTargetBase`1.HasAllPassRuleResult">
            <summary>
            All pass Rule Result 작업에 대한 Hooking 함수
            </summary>
            <returns></returns>
        </member>
        <member name="M:Pentacube.CAx.DFx.DRCBase.RuleTargetBase`1.SelectReportedRuleResults">
            <summary>
            Rule Result 출력 적용 작업에 대한 가상 함수
            </summary>
        </member>
        <member name="M:Pentacube.CAx.DFx.DRCBase.RuleTargetBase`1.CreateUntargetedResult">
            <summary>
            검증 대상이 없을 경우 Rule Result 생성 함수
            </summary>
            <returns></returns>
        </member>
        <member name="M:Pentacube.CAx.DFx.DRCBase.RuleTargetBase`1.CreateExceptionResult">
            <summary>
            Exception이 발생한 Rule Result 생성 함수
            </summary>
            <returns></returns>
        </member>
        <member name="M:Pentacube.CAx.DFx.DRCBase.RuleTargetBase`1.Run">
            <summary>
             Rule Design Check
            </summary>
            <returns></returns>
        </member>
        <member name="T:Pentacube.CAx.DFx.DRCBase.RuleTargetNetGroup">
            <summary>
            Rule을 적용할 TargetNet 그룹을 정의하기 위한 클래스
            </summary>
        </member>
        <member name="P:Pentacube.CAx.DFx.DRCBase.RuleTargetNetGroup.Name">
            <summary>
            목표 넷 그룹의 이름
            </summary>
        </member>
        <member name="P:Pentacube.CAx.DFx.DRCBase.RuleTargetNetGroup.TargetNetGroupFilter">
            <summary>
            목표 넷 그룹 필터 : AllNet, DiffNet, SingleNet
            </summary>
        </member>
        <member name="T:Pentacube.CAx.DFx.DRCBase.RuleTargetProduct">
            <summary>
            룰이 적용될 제품을 정의하는 클래스
            </summary>
        </member>
        <member name="P:Pentacube.CAx.DFx.DRCBase.RuleTargetProduct.DisplayName">
            <summary>
            화면에 표시할 이름
            </summary>
        </member>
        <member name="P:Pentacube.CAx.DFx.DRCBase.RuleTargetProduct.ID">
            <summary>
            제품 ID
            </summary>
        </member>
        <member name="F:Pentacube.CAx.DFx.DRCBase.UserSettings.BreakWhenVerifyTargetException">
            <summary>
            RuleTargetBase의 VerityItem에서 Exception이 나면 해당 Rule을 중단
            생성자 UserSettings()에서 Debug 모드일 때, true로 설정함.
            </summary>
        </member>
        <member name="F:Pentacube.CAx.DFx.DRCBase.ColorSchema.SourceObject">
            <summary>
            소스 개체색상
            </summary>
        </member>
        <member name="F:Pentacube.CAx.DFx.DRCBase.ColorSchema.TargetObject">
            <summary>
            대상 객체 색상
            </summary>
        </member>
        <member name="F:Pentacube.CAx.DFx.DRCBase.ColorSchema.ErrorBoundary">
            <summary>
            에러 외각선 색상
            </summary>
        </member>
        <member name="F:Pentacube.CAx.DFx.DRCBase.ColorSchema.ErrorObject">
            <summary>
            에러수준 객체 색상
            </summary>
        </member>
        <member name="F:Pentacube.CAx.DFx.DRCBase.ColorSchema.WarningObject">
            <summary>
            경고수준 객체 색상
            </summary>
        </member>
        <member name="F:Pentacube.CAx.DFx.DRCBase.ColorSchema.InfoObject">
            <summary>
            참고수준 객체 색상
            </summary>
        </member>
        <member name="F:Pentacube.CAx.DFx.DRCBase.ColorSchema.PkgFinger">
            <summary>
            Package Finger 색상
            </summary>
        </member>
        <member name="F:Pentacube.CAx.DFx.DRCBase.ColorSchema.PkgBall">
            <summary>
            Package Ball 색상
            </summary>
        </member>
        <member name="F:Pentacube.CAx.DFx.DRCBase.ColorSchema.PkgDie">
            <summary>
            Package Die 색상
            </summary>
        </member>
        <member name="F:Pentacube.CAx.DFx.DRCBase.PCBColorSchema.SourceObject">
            <summary>
            검증 소스 색상
            </summary>
        </member>
        <member name="F:Pentacube.CAx.DFx.DRCBase.PCBColorSchema.SourceObjectGroup">
            <summary>
            검증 소스 그룹 색상
            </summary>
        </member>
        <member name="F:Pentacube.CAx.DFx.DRCBase.PCBColorSchema.SourceObjectGroupBoundary">
            <summary>
            검증 소스 그룹 외각선 색상
            </summary>
        </member>
        <member name="F:Pentacube.CAx.DFx.DRCBase.PCBColorSchema.SourceObjectBoundary">
            <summary>
            검증 소스 외각선 색상
            </summary>
        </member>
        <member name="F:Pentacube.CAx.DFx.DRCBase.PCBColorSchema.SourceObjectClearance">
            <summary>
            검증 소스 클리어런스 표시 색상
            </summary>
        </member>
        <member name="F:Pentacube.CAx.DFx.DRCBase.PCBColorSchema.TargetObject">
            <summary>
            검증 대상 색상
            </summary>
        </member>
        <member name="F:Pentacube.CAx.DFx.DRCBase.PCBColorSchema.TargetObjectGroup">
            <summary>
            검증 대상 그룹 색상
            </summary>
        </member>
        <member name="F:Pentacube.CAx.DFx.DRCBase.PCBColorSchema.TargetObjectGroupBoundary">
            <summary>
            검증 대상 그룹 외각선 색상
            </summary>
        </member>
        <member name="F:Pentacube.CAx.DFx.DRCBase.PCBColorSchema.TargetObjectBoundary">
            <summary>
            검증 대상 외각선 색상
            </summary>
        </member>
        <member name="F:Pentacube.CAx.DFx.DRCBase.PCBColorSchema.TargetObjectClearance">
            <summary>
            검증 대상 클리어런스 표시 색상
            </summary>
        </member>
        <member name="F:Pentacube.CAx.DFx.DRCBase.PCBColorSchema.PassObject">
            <summary>
            Pass된 객체 색상
            </summary>
        </member>
        <member name="F:Pentacube.CAx.DFx.DRCBase.PCBColorSchema.PassObjectBoundary">
            <summary>
            Pass된 객체의 외각선 색상
            </summary>
        </member>
        <member name="F:Pentacube.CAx.DFx.DRCBase.PCBColorSchema.FailObject">
            <summary>
            Fail된 객체의 색상
            </summary>
        </member>
        <member name="F:Pentacube.CAx.DFx.DRCBase.PCBColorSchema.FailObjectBoundary">
            <summary>
            Fail된 객체의 외각선 색상
            </summary>
        </member>
        <member name="F:Pentacube.CAx.DFx.DRCBase.PCBColorSchema.WarningObject">
            <summary>
            Warning 객체의 색상
            </summary>
        </member>
        <member name="F:Pentacube.CAx.DFx.DRCBase.PCBColorSchema.WarningObjectBoundary">
            <summary>
            Warning 객체의 외각선 색상
            </summary>
        </member>
        <member name="F:Pentacube.CAx.DFx.DRCBase.PCBColorSchema.InfoObject">
            <summary>
            Info 객체의 색상
            </summary>
        </member>
        <member name="F:Pentacube.CAx.DFx.DRCBase.PCBColorSchema.InfoObjectBoundary">
            <summary>
            Info객체의 외각선 색상
            </summary>
        </member>
        <member name="F:Pentacube.CAx.DFx.DRCBase.PCBColorSchema.MeasureBox">
            <summary>
            Measure Arrow 표시를 돕기위한 Measure Box의 색상
            </summary>
        </member>
        <member name="F:Pentacube.CAx.DFx.DRCBase.PCBColorSchema.MeasureLine">
            <summary>
            인식을 돕기위한 Measure Line의 색상
            </summary>
        </member>
    </members>
</doc>
