<?xml version="1.0"?>
<doc>
    <assembly>
        <name>Pentacube.CAx.DFx.Manager</name>
    </assembly>
    <members>
        <member name="T:Pentacube.CAx.DFx.Manager.Config.View.RuleResultListCustomizingView">
            <summary>
            RuleResultListCustomizingView.xaml에 대한 상호 작용 논리
            </summary>
            <summary>
            RuleResultListCustomizingView
            </summary>
        </member>
        <member name="M:Pentacube.CAx.DFx.Manager.Config.View.RuleResultListCustomizingView.InitializeComponent">
            <summary>
            InitializeComponent
            </summary>
        </member>
        <member name="P:Pentacube.CAx.DFx.Manager.Config.Model.RuleResultListCustomizing.RuleLevelField">
            <summary>
            RuleLevel Column 설정
            </summary>
        </member>
        <member name="P:Pentacube.CAx.DFx.Manager.Config.Model.RuleResultListCustomizing.VerifyTargetField">
            <summary>
            VerifyTarget(Name) Column 설정
            </summary>
        </member>
        <member name="P:Pentacube.CAx.DFx.Manager.Config.Model.RuleResultListCustomizing.SeverityField">
            <summary>
            Severity Column 설정
            </summary>
        </member>
        <member name="P:Pentacube.CAx.DFx.Manager.Config.Model.RuleResultListCustomizing.SignOffStatusField">
            <summary>
            SignoffStatus Column 설정
            </summary>
        </member>
        <member name="P:Pentacube.CAx.DFx.Manager.Config.Model.RuleResultListCustomizing.DescriptionField">
            <summary>
            Description Column 설정
            </summary>
        </member>
        <member name="P:Pentacube.CAx.DFx.Manager.Config.Model.RuleResultListCustomizing.Fields">
            <summary>
            필드 목록에 쉽게 액세스 할 수 있도록 해주는 프로퍼티
            </summary>
        </member>
        <member name="P:Pentacube.CAx.DFx.Manager.Config.Model.GridFieldSetting.Name">
            <summary>
            구분을 위한 이름 (일종의 Id)
            </summary>
        </member>
        <member name="P:Pentacube.CAx.DFx.Manager.Config.Model.GridFieldSetting.DefaultLabel">
            <summary>
            기본 Label
            </summary>
        </member>
        <member name="P:Pentacube.CAx.DFx.Manager.Config.Model.GridFieldSetting.DefaultVisible">
            <summary>
            기본 Visible
            </summary>
        </member>
        <member name="P:Pentacube.CAx.DFx.Manager.Config.Model.GridFieldSetting.Label">
            <summary>
            설정된 Label
            </summary>
        </member>
        <member name="P:Pentacube.CAx.DFx.Manager.Config.Model.GridFieldSetting.Visible">
            <summary>
            설정된 Visible
            </summary>
        </member>
        <member name="P:Pentacube.CAx.DFx.Manager.Config.Model.GridFieldSetting.SafetyLabel">
            <summary>
            Label의 사용 편의를 위해 구현된 Property.
            이 함수로 설정 값과 무관하게 실제 적용되는 값을 가져올 수 있습니다.
            </summary>
        </member>
        <member name="P:Pentacube.CAx.DFx.Manager.Config.Model.GridFieldSetting.Visibility">
            <summary>
            Visible의 사용 편의를 위해 구현된 Property.
            이 함수로 설정 값과 무관하게 실제 적용되는 값을 가져올 수 있습니다.
            </summary>
        </member>
        <member name="P:Pentacube.CAx.DFx.Manager.Config.Model.GridFieldSetting.IsSettedLabel">
            <summary>
            Label이 기본 값과 다르게 설정되었는지 여부를 나타내는 프로퍼티
            </summary>
        </member>
        <member name="P:Pentacube.CAx.DFx.Manager.Config.Model.GridFieldSetting.IsSettedVisible">
            <summary>
            VIsible이 기본 값과 다르게 설정되었는지 여부를 나타내는 프로퍼티
            </summary>
        </member>
        <member name="P:Pentacube.CAx.DFx.Manager.Config.Model.GridFieldSetting.IsWritable">
            <summary>
            Xml Write를 위한 편의성 Property, 이 값이 True인 경우에만 Xml로 출력됨
            </summary>
        </member>
        <member name="P:Pentacube.CAx.DFx.Manager.Config.Model.DisplayText.Name">
            <summary>
            구분을 위한 이름 (일종의 Id)
            </summary>
        </member>
        <member name="P:Pentacube.CAx.DFx.Manager.Config.Model.DisplayText.DefaultText">
            <summary>
            기본 Text
            </summary>
        </member>
        <member name="P:Pentacube.CAx.DFx.Manager.Config.Model.DisplayText.Text">
            <summary>
            설정된 Text
            </summary>
        </member>
        <member name="P:Pentacube.CAx.DFx.Manager.Config.Model.DisplayText.SafetyText">
            <summary>
            Text의 사용 편의를 위해 구현된 Property.
            이 함수로 설정 값과 무관하게 실제 적용되는 값을 가져올 수 있습니다.
            </summary>
        </member>
        <member name="P:Pentacube.CAx.DFx.Manager.Config.Model.DisplayText.IsWritable">
            <summary>
            Xml Write를 위한 편의성 Property, 이 값이 True인 경우에만 Xml로 출력됨
            </summary>
        </member>
        <member name="T:Pentacube.CAx.DFx.Manager.Config.UserSettings.PDRCSetting">
            <summary>
            PDRC 설정 값을 갖는 클래스
            </summary>
        </member>
        <member name="P:Pentacube.CAx.DFx.Manager.Config.UserSettings.PDRCSetting.DistanceToleranceForPass">
            <summary>
            측정 거리가 Fail이 되었을 때, 이 허용값 이내면 Pass가 됨
            </summary>
        </member>
        <member name="M:Pentacube.CAx.DFx.Manager.Config.UserSettings.PDRCSetting.SetFromInitXML(System.Xml.Linq.XElement)">
            <summary>
            설정파일 xml에서 PDRCSetting을 읽어 설정하는 함수
            </summary>
            <param name="pdrcSettingElement"></param>
        </member>
        <member name="M:Pentacube.CAx.DFx.Manager.Config.UserSettings.RuleSettingView.SetFromInitXML(System.Xml.Linq.XDocument)">
            <summary>
            Init XML 파일로 부터 설정을 저장
            </summary>
            <param name="xmlRoot"></param>
        </member>
        <member name="M:Pentacube.CAx.DFx.Manager.Config.UserSettings.RuleResultSettings.Migration(Pentacube.CAx.DFx.Manager.Config.Model.RuleResultListCustomizing)">
            <summary>
            기존 기능을 Migration 하기 위한 함수
            </summary>
            <param name="customizing"></param>
        </member>
        <member name="T:Pentacube.CAx.DFx.Manager.ContentPaneView.DRCMessageContentPaneView">
            <summary>
            Interaction logic for DRCMessageContentPaneView.xaml
            </summary>
            <summary>
            DRCMessageContentPaneView
            </summary>
        </member>
        <member name="M:Pentacube.CAx.DFx.Manager.ContentPaneView.DRCMessageContentPaneView.InitializeComponent">
            <summary>
            InitializeComponent
            </summary>
        </member>
        <member name="T:Pentacube.CAx.DFx.Manager.ContentPaneView.RuleDetailContentPaneView">
            <summary>
            Interaction logic for RuleDetailContentPaneView.xaml
            </summary>
            <summary>
            RuleDetailContentPaneView
            </summary>
        </member>
        <member name="M:Pentacube.CAx.DFx.Manager.ContentPaneView.RuleDetailContentPaneView.InitializeComponent">
            <summary>
            InitializeComponent
            </summary>
        </member>
        <member name="T:Pentacube.CAx.DFx.Manager.ContentPaneView.RuleListContentPaneView">
            <summary>
            Interaction logic for RuleListContentPaneView.xaml
            </summary>
            <summary>
            RuleListContentPaneView
            </summary>
        </member>
        <member name="M:Pentacube.CAx.DFx.Manager.ContentPaneView.RuleListContentPaneView.InitializeComponent">
            <summary>
            InitializeComponent
            </summary>
        </member>
        <member name="T:Pentacube.CAx.DFx.Manager.ManagerModule">
            <summary>
            DFx Manager Module 클래스
            </summary>
        </member>
        <member name="T:Pentacube.CAx.DFx.Manager.RichDocumentManager.IRichDocumentItem">
            <summary>
            RichDocumentBuilder에서 사용되는 Item을 정의하는 인터페이스
            </summary>
        </member>
        <member name="M:Pentacube.CAx.DFx.Manager.RichDocumentManager.IRichDocumentItem.Write(Infragistics.Documents.RichText.RichTextDocument@)">
            <summary>
            item의 정보를 doc에 그립니다.
            </summary>
            <param name="doc">대상 doc</param>
        </member>
        <member name="T:Pentacube.CAx.DFx.Manager.RichDocumentManager.IRichParagraphNode">
            <summary>
            RichDocument의 Node를 정의합니다.
            이 인터페이스를 상속받을 경우, NodeBase나 Paragraph로 변환이 가능합니다.
            </summary>
        </member>
        <member name="M:Pentacube.CAx.DFx.Manager.RichDocumentManager.IRichParagraphNode.CreateNode">
            <summary>
            Content Node를 생성합니다.
            </summary>
            <returns></returns>
        </member>
        <member name="M:Pentacube.CAx.DFx.Manager.RichDocumentManager.IRichParagraphNode.AsParagraph">
            <summary>
            데이터를 문단으로 변환합니다.
            </summary>
            <returns></returns>
        </member>
        <member name="T:Pentacube.CAx.DFx.Manager.RichDocumentManager.RichTextExt">
            <summary>
            IRichTextStyle을 상속받은 자료형일 경우 Style을 지정합니다.
            </summary>
        </member>
        <member name="M:Pentacube.CAx.DFx.Manager.RichDocumentManager.RichTextExt.OverwriteStyle``1(``0,Infragistics.Documents.RichText.CharacterSettings[])">
            <summary>
            텍스트의 스타일을 덮어씁니다. 가장 마지막에 나온 속성이 지정됩니다.
            </summary>
            <typeparam name="TRichText">Text Type</typeparam>
            <param name="text">대상 Text</param>
            <param name="styles">지정할 색</param>
            <returns></returns>
        </member>
        <member name="M:Pentacube.CAx.DFx.Manager.RichDocumentManager.RichTextExt.Color``1(``0,System.Windows.Media.Color)">
            <summary>
            텍스트의 색상를 바꿉니다
            </summary>
            <typeparam name="TRichText">Text Type</typeparam>
            <param name="text">대상 Text</param>
            <param name="color">지정할 색</param>
            <returns></returns>
        </member>
        <member name="M:Pentacube.CAx.DFx.Manager.RichDocumentManager.RichTextExt.FontSize``1(``0,System.Double,Infragistics.Documents.RichText.ExtentUnitType)">
            <summary>
            텍스트의 크기를 바꿉니다
            </summary>
            <typeparam name="TRichText">Text Type</typeparam>
            <param name="text">대상 Text</param>
            <param name="size">폰트의 크기</param>
            <param name="unitType">폰트의 단위</param>
            <returns></returns>
        </member>
        <member name="M:Pentacube.CAx.DFx.Manager.RichDocumentManager.RichTextExt.Bold``1(``0)">
            <summary>
            텍스트를 굵게 바꿉니다
            </summary>
            <typeparam name="TRichText">Text Type</typeparam>
            <param name="text">대상 Text</param>
            <returns></returns>
        </member>
        <member name="M:Pentacube.CAx.DFx.Manager.RichDocumentManager.RichTextExt.Italic``1(``0)">
            <summary>
            텍스트를 이탤릭채로 변환합니다
            </summary>
            <typeparam name="TRichText">Text Type</typeparam>
            <param name="text">대상 Text</param>
            <returns></returns>
        </member>
        <member name="T:Pentacube.CAx.DFx.Manager.RichDocumentManager.RichCharStyleSet">
            <summary>
            미리 정의된 StyleSet
            </summary>
        </member>
        <member name="P:Pentacube.CAx.DFx.Manager.RichDocumentManager.RichCharStyleSet.Default">
            <summary>
            가장 기본적인 Style
            </summary>
        </member>
        <member name="T:Pentacube.CAx.DFx.Manager.RichDocumentManager.RichDocumentBuilder">
            <summary>
            RichTextDocument를 생성하는 빌더 클래스
            </summary>
        </member>
        <member name="P:Pentacube.CAx.DFx.Manager.RichDocumentManager.RichDocumentBuilder.Items">
            <summary>
            Document의 Item 목록
            </summary>
        </member>
        <member name="M:Pentacube.CAx.DFx.Manager.RichDocumentManager.RichDocumentBuilder.Build">
            <summary>
            Item 목록을 기반으로 생성합니다
            </summary>
            <returns>생성된 rich document</returns>
        </member>
        <member name="M:Pentacube.CAx.DFx.Manager.RichDocumentManager.RichHeaderText.Level(System.Int32,System.Double)">
             <summary>
             Header의 크기 레벨을 설정합니다
            
             1: 2.00 / 2: 1.50 / 3: 1.17
             4: 1.00 / 5: 0.83 / 6: 0.67
             </summary>
             <param name="level">헤더 크기 단계입니다. (1≤level≤6)</param>
             <param name="fontSize"></param>
             <returns></returns>
        </member>
        <member name="P:Pentacube.CAx.DFx.Manager.RichDocumentManager.RichHyperlinkText.Uri">
            <summary>
            내부적으로 가질 Uri를 설정
            </summary>
        </member>
        <member name="P:Pentacube.CAx.DFx.Manager.RichDocumentManager.RichHyperlinkText.ElementType">
            <summary>
            Hyperlink Caller Type
            </summary>
        </member>
        <member name="T:Pentacube.CAx.DFx.Manager.RichDocumentManager.RichParagraph">
            <summary>
            Rich Document의 문단을 정의합니다.
            </summary>
        </member>
        <member name="P:Pentacube.CAx.DFx.Manager.RichDocumentManager.RichParagraph.Nodes">
            <summary>
            문단에 포함된 Node 목록
            </summary>
        </member>
        <member name="P:Pentacube.CAx.DFx.Manager.RichDocumentManager.RichParagraph.Style">
            <summary>
            문단 설정
            </summary>
        </member>
        <member name="M:Pentacube.CAx.DFx.Manager.RichDocumentManager.RichParagraph.UpperSpacing(System.Double,Infragistics.Documents.RichText.ExtentUnitType)">
            <summary>
            문단의 위쪽 여백을 설정합니다.
            </summary>
            <param name="size"></param>
            <param name="unitType"></param>
            <returns></returns>
        </member>
        <member name="M:Pentacube.CAx.DFx.Manager.RichDocumentManager.RichParagraph.LowerSpacing(System.Double,Infragistics.Documents.RichText.ExtentUnitType)">
            <summary>
            문단의 아래쪽 여백을 설정합니다.
            </summary>
            <param name="size"></param>
            <param name="unitType"></param>
            <returns></returns>
        </member>
        <member name="T:Pentacube.CAx.DFx.Manager.RichDocumentManager.RichSettingHelper">
            <summary>
            RichDocument에 관련된 설정값을 제어하기 편하게 해주는 Helper
            </summary>
        </member>
        <member name="M:Pentacube.CAx.DFx.Manager.RichDocumentManager.RichSettingHelper.Overwriting``1(``0,``0[])">
            <summary>
            속성을 덮어씁니다. 가장 마지막에 설정된 값이 지정됩니다.
            </summary>
            <typeparam name="TSetting">RichTextSettings Type</typeparam>
            <param name="setting">원본 세팅</param>
            <param name="appendSettings">추가될 세팅</param>
            <returns>덮어 씌워진 세팅 값</returns>
        </member>
        <member name="M:Pentacube.CAx.DFx.Manager.RichDocumentManager.RichSettingHelper.Overwriting``1(``0,System.Collections.Generic.IEnumerable{``0})">
            <summary>
            속성을 덮어씁니다. 가장 마지막에 설정된 값이 지정됩니다.
            </summary>
            <typeparam name="TSetting">RichTextSettings Type</typeparam>
            <param name="setting">원본 세팅</param>
            <param name="appendSettings">추가될 세팅</param>
            <returns>덮어 씌워진 세팅 값</returns>
        </member>
        <member name="T:Pentacube.CAx.DFx.Manager.RichDocumentManager.RichTable`1">
            <summary>
            RichTextDocument에 Table을 생성해주는 빌더 클래스
            </summary>
            <typeparam name="TDataSet">해당 정보를 담은 데이터셋</typeparam>
        </member>
        <member name="P:Pentacube.CAx.DFx.Manager.RichDocumentManager.RichTable`1.Properties">
            <summary>
            TDataSet에서 TableColumn Attribute를 사용한 Properties로
            Property 마다 Table의 Column으로 보여진다.
            </summary>
        </member>
        <member name="P:Pentacube.CAx.DFx.Manager.RichDocumentManager.RichTable`1.HeaderNames">
            <summary>
            Table의 헤더 목록
            </summary>
        </member>
        <member name="P:Pentacube.CAx.DFx.Manager.RichDocumentManager.RichTable`1.Rows">
            <summary>
            Table의 Row
            </summary>
        </member>
        <member name="M:Pentacube.CAx.DFx.Manager.RichDocumentManager.RichTable`1.Write(Infragistics.Documents.RichText.RichTextDocument@)">
            <summary>
            doc에 table을 생성한다.
            </summary>
            <param name="doc">대상 doc</param>
        </member>
        <member name="M:Pentacube.CAx.DFx.Manager.RichDocumentManager.RichTable`1.AddProperty(System.Reflection.PropertyInfo)">
            <summary>
            Property 항목을 추가합니다
            Private Set으로 인한 하위 Class 접근 불가
            </summary>
            <param name="property"></param>
        </member>
        <member name="M:Pentacube.CAx.DFx.Manager.RichDocumentManager.RichTable`1.AddProperties(System.Collections.Generic.IEnumerable{System.Reflection.PropertyInfo})">
            <summary>
            Property 항목 목록을 추가합니다
            Private Set으로 인한 하위 Class 접근 불가
            </summary>
            <param name="properties"></param>
        </member>
        <member name="T:Pentacube.CAx.DFx.Manager.RichDocumentManager.RichTableColumn">
            <summary>
            Table의 Column을 설정합니다.
            </summary>
        </member>
        <member name="F:Pentacube.CAx.DFx.Manager.RichDocumentManager.RichTableColumn.HeaderName">
            <summary>
            Header에 보여질 이름
            </summary>
        </member>
        <member name="F:Pentacube.CAx.DFx.Manager.RichDocumentManager.RichTableColumn.Sort">
            <summary>
            정렬될 순서를 지정
            </summary>
        </member>
        <member name="M:Pentacube.CAx.DFx.Manager.RichDocumentManager.RichTableColumn.#ctor(System.String,System.Int32)">
            <summary>
            Table의 Column을 지정합니다
            </summary>
            <param name="columnName">헤더에 표시될 이름</param>
            <param name="sort">컬럼이 출력되는 순서를 지정합니다</param>
        </member>
        <member name="T:Pentacube.CAx.DFx.Manager.RichDocumentManager.NormalCell">
            <summary>
            기본 Cell을 나타냅니다.
            </summary>
        </member>
        <member name="P:Pentacube.CAx.DFx.Manager.RichDocumentManager.NormalCell.CellStyle">
            <summary>
            Cell의 스타일
            </summary>
        </member>
        <member name="M:Pentacube.CAx.DFx.Manager.RichDocumentManager.NormalCell.SetContentOnTable(Infragistics.Documents.RichText.TableNode@,System.Int32,System.Int32,System.Object,System.Collections.Generic.IEnumerable{Infragistics.Documents.RichText.CharacterSettings})">
            <summary>
            Content를 Table에 추가한다
            </summary>
            <param name="table">대상 table</param>
            <param name="col">열 번호</param>
            <param name="row">행 번호</param>
            <param name="content">등록할 Content</param>
            <param name="appendTextStyle">추가할 텍스트 스타일</param>
        </member>
        <member name="M:Pentacube.CAx.DFx.Manager.RichDocumentManager.NormalCell.CreateCellContent(System.Object,System.Collections.Generic.IEnumerable{Infragistics.Documents.RichText.CharacterSettings})">
            <summary>
            Cell의 내용을 생성합니다.
            </summary>
            <param name="content">Content 데이터</param>
            <param name="appendStyles">출력될 때 추가될 Style</param>
            <returns></returns>
        </member>
        <member name="T:Pentacube.CAx.DFx.Manager.RichDocumentManager.HyperlinkCell">
            <summary>
            지정된 Property를 
            </summary>
        </member>
        <member name="F:Pentacube.CAx.DFx.Manager.RichDocumentManager.HyperlinkCell.ViewText">
            <summary>
            Text로 보여질 이름입니다
            </summary>
        </member>
        <member name="F:Pentacube.CAx.DFx.Manager.RichDocumentManager.HyperlinkCell.ElementType">
            <summary>
            Element의 타입
            </summary>
        </member>
        <member name="M:Pentacube.CAx.DFx.Manager.RichDocumentManager.HyperlinkCell.#ctor(System.String,Pentacube.Infrastructure.ePElementType)">
            <summary>
            대상 Column을 Hyperlink로 변환합니다.
            지정된 프로퍼티에 담긴 값이 Uri가 됩니다.
            </summary>
            <param name="viewText">화면에 출력될 텍스트를 지정합니다. null일 경우 지정된 프로퍼티의 값이 보여집니다.</param>
            <param name="elementType"></param>
        </member>
        <member name="M:Pentacube.CAx.DFx.Manager.RichDocumentManager.HyperlinkCell.CreateCellContent(System.Object,System.Collections.Generic.IEnumerable{Infragistics.Documents.RichText.CharacterSettings})">
            <summary>
            Hyperlink를 생성합니다.
            </summary>
            <param name="content"></param>
            <param name="appendStyles"></param>
            <returns></returns>
        </member>
        <member name="T:Pentacube.CAx.DFx.Manager.RichDocumentManager.RichText">
            <summary>
            하나의 텍스트 Line을 나타냅니다
            </summary>
        </member>
        <member name="P:Pentacube.CAx.DFx.Manager.RichDocumentManager.RichText.Empty">
            <summary>
            비어있는 행을 가져옵니다
            </summary>
        </member>
        <member name="P:Pentacube.CAx.DFx.Manager.RichDocumentManager.RichText.Text">
            <summary>
            작성할 텍스트
            </summary>
        </member>
        <member name="P:Pentacube.CAx.DFx.Manager.RichDocumentManager.RichText.TextStyle">
            <summary>
            텍스트 스타일
            </summary>
        </member>
        <member name="M:Pentacube.CAx.DFx.Manager.RichDocumentManager.RichText.FromObject(System.Object)">
            <summary>
            일반 object를 하나의 행으로 나타냅니다. 이 정적 생성자는 null 안전합니다.
            </summary>
            <param name="obj">대상 object</param>
            <returns></returns>
        </member>
        <member name="T:Pentacube.CAx.DFx.Manager.Rule.RuleCreatorBase">
            <summary>
            FactoryMethod 패턴 중 추상 생산자 클래스 : 나중에 서브 클래스에서 제품(Rule)을 생산하기  위해 구현할 팩토리 메소드(추상 메소드)를 정의함.
            </summary>
        </member>
        <member name="M:Pentacube.CAx.DFx.Manager.Rule.RuleCreatorBase.CreateRule(System.String)">
            <summary>
            룰 생성
            </summary>
            <param name="classID">생성할 Class의 ID</param>
            <returns>룰 인스턴스</returns>
        </member>
        <member name="M:Pentacube.CAx.DFx.Manager.Rule.RuleCreatorBase.CreateInstance(System.String)">
            <summary>
            팩토리 메소드 함수,실제 Rule 인스턴스는 RuleCreatorBase의 구현클래스에서 생성된다.
            </summary>
            <param name="classID"></param>
            <returns></returns>
        </member>
        <member name="M:Pentacube.CAx.DFx.Manager.Rule.RuleCreatorBase.GetOrCreateRuleSettingView(Pentacube.CAx.DFx.DRCBase.RuleBase,Pentacube.CAx.DFx.Manager.Rule.RuleSettingViewType)">
            <summary>
            Rule 별 설정 View를 가져온다.
            </summary>
            <param name="rulebase">룰</param>
            <param name="settingViewType"></param>
            <returns>해당 룰 설정을 위한 Control</returns>
        </member>
        <member name="M:Pentacube.CAx.DFx.Manager.Rule.RuleCreatorBase.CreateExcelRenderer(Pentacube.CAx.DFx.Manager.DataAccess.RuleRepo)">
            <summary>
            Report 출력을 위한 ExcelRenderer를 생성한다.
            </summary>
            <param name="ruleRepo"></param>
            <returns></returns>
        </member>
        <member name="M:Pentacube.CAx.DFx.Manager.Rule.RuleCreatorBase.CreatePreWorker(Pentacube.CAx.DFx.Manager.DataAccess.RuleRepo)">
            <summary>
            PreWorker를 생성한다.
            </summary>
            <returns></returns>
        </member>
        <member name="T:Pentacube.CAx.DFx.Manager.Services.DRCMessageCreator">
            <summary>
            DRC Message 창에 보여줄 내용을 생성
            </summary>
        </member>
        <member name="T:Pentacube.CAx.DFx.Manager.Services.DRCMessageCreator.RunTimeMsgTableRow">
            <summary>
            수행 시간 안내 메세지에 들어가는 Table
            </summary>
        </member>
        <member name="M:Pentacube.CAx.DFx.Manager.Services.DRCMessageCreator.CreateDRCRunTimeMsg(System.DateTime,System.DateTime,Pentacube.CAx.DFx.Manager.Rule.PreWorkerBase,System.Collections.Generic.IEnumerable{Pentacube.CAx.DFx.DRCBase.RuleBase})">
            <summary>
            Rule별 DRC 검증 수행시간을 RichDocumentManager 포멧으로 생성
            </summary>
            <param name="requestTime"></param>
            <param name="compleateTime"></param>
            <param name="preWorker"></param>
            <param name="rules"></param>
            <returns></returns>
        </member>
        <member name="M:Pentacube.CAx.DFx.Manager.Services.XamDataGridExt.FieldToComboBoxStyle``1(Infragistics.Windows.DataPresenter.XamDataGrid,System.String)">
            <summary>
            Reference: https://stackoverflow.com/a/79903
            </summary>
            <typeparam name="TEnum"></typeparam>
            <param name="grid"></param>
            <param name="fieldName"></param>
            <returns></returns>
        </member>
        <member name="M:Pentacube.CAx.DFx.Manager.Services.RuleDBXmlManager.LoadRuleGroup(System.Xml.Linq.XElement,System.String)">
            <summary>
            XML 파일의 RuleGroup Element를 읽어 구성한다.
            </summary>
            <param name="ruleGroupElement"></param>
            <param name="ruleDescriptionDocumentPath"></param>
            <returns></returns>
        </member>
        <member name="M:Pentacube.CAx.DFx.Manager.Services.RuleDBXmlManager.LoadRule(System.Xml.Linq.XElement)">
            <summary>
            XML 파일의 Rule Element를 읽어 rule Class를 구성한다.
            </summary>
            <param name="ruleElement"></param>
            <returns></returns>
        </member>
        <member name="M:Pentacube.CAx.DFx.Manager.Services.RuleDBXmlManager.LoadSettings(System.Xml.Linq.XElement,Pentacube.CAx.DFx.DRCBase.RuleBase)">
            <summary>
            룰 세팅을 로딩
            </summary>
            <param name="settingsElement">세팅관련한 XElement</param>
            <param name="rule">대상 룰</param>
        </member>
        <member name="M:Pentacube.CAx.DFx.Manager.Services.RuleDBXmlManager.LoadTargetNetGroup(System.Xml.Linq.XElement)">
            <summary>
            XML 파일의 TargetNetGroup Element를 읽어 구성한다.
            </summary>
            <param name="element"></param>
            <returns></returns>
        </member>
        <member name="M:Pentacube.CAx.DFx.Manager.Services.RuleDBXmlManager.LoadParameter(System.Xml.Linq.XElement)">
            <summary>
            XML 파일의 Parameter Element를 읽어 구성한다.
            </summary>
            <param name="parameterElement"></param>
            <returns></returns>
        </member>
        <member name="M:Pentacube.CAx.DFx.Manager.Services.RuleDBXmlManager.CreateRuleGroupElement(Pentacube.CAx.DFx.DRCBase.RuleGroup)">
            <summary>
            RuleGroup Element를 생성
            </summary>
            <param name="ruleGroup"></param>
            <returns></returns>
        </member>
        <member name="M:Pentacube.CAx.DFx.Manager.Services.RuleDBXmlManager.CreateRuleElement(Pentacube.CAx.DFx.DRCBase.RuleBase)">
            <summary>
            Rule Element를 생성
            </summary>
            <param name="rule"></param>
            <returns></returns>
        </member>
        <member name="T:Pentacube.CAx.DFx.Manager.Services.RuleSettingManager">
            <summary>
            Pentacube.CAx.DFx.Manager 내 ViewModel에서 RuleSetting 관련하여 공통 함수를 서비스 하는 클래스
            </summary>
        </member>
        <member name="M:Pentacube.CAx.DFx.Manager.Services.RuleSettingManager.LoadUserSettingView(System.Windows.Controls.Grid,Infragistics.Controls.Editors.XamPropertyGrid,Pentacube.CAx.DFx.DRCBase.RuleBase,Pentacube.CAx.DFx.Manager.Rule.RuleSettingViewType,System.Boolean)">
            <summary>
            해당 Rule에 매칭되는 SettingView Control을 대상 Grid 안에 넣어줍니다.
            </summary>
            <param name="settingViewParent"></param>
            <param name="defaultUserSettingControl"></param>
            <param name="rule"></param>
            <param name="userType"></param>
            <param name="isReadOnly">삽입된 SettingView를 ReadOnly로 할건지 여부</param>
        </member>
        <member name="M:Pentacube.CAx.DFx.Manager.Services.RuleSettingManager.CreateAndLoadRuleDescriptionDoc(Pentacube.CAx.DFx.DRCBase.RuleBase,Infragistics.Controls.Editors.XamRichTextEditor)">
             <summary>
            
             </summary>
             <param name="rule"></param>
             <param name="xamRichTextEditor"></param>
        </member>
        <member name="T:Pentacube.CAx.DFx.Manager.ValueConverter.eRuleLevelToDisplayTextConverter">
            <summary>
            eRuleLevel 항목들을 화면에 표시할 Text로 변환
            </summary>
        </member>
        <member name="M:Pentacube.CAx.DFx.Manager.ValueConverter.eRuleLevelToDisplayTextConverter.ConvertBack(System.Object,System.Type,System.Object,System.Globalization.CultureInfo)">
            <summary>
            양방향 Binding을 하지 않으므로 구현하지 않음.
            </summary>
            <param name="value"></param>
            <param name="targetType"></param>
            <param name="parameter"></param>
            <param name="culture"></param>
            <returns></returns>
        </member>
        <member name="T:Pentacube.CAx.DFx.Manager.ValueConverter.eRuleLevelToTextColorConverter">
            <summary>
            eRuleLevelToTextColorConverter 항목의 화면에 표시할 Text 컬러로 변환
            </summary>
        </member>
        <member name="T:Pentacube.CAx.DFx.Manager.ValueConverter.eRuleSeverityToDisplayTextConverter">
            <summary>
            eRuleSeverity를 화면에 보여줄 Text로 변환
            </summary>
        </member>
        <member name="M:Pentacube.CAx.DFx.Manager.ValueConverter.eRuleSeverityToDisplayTextConverter.ConvertBack(System.Object,System.Type,System.Object,System.Globalization.CultureInfo)">
            <summary>
            양방향 Binding을 하지 않으므로 구현하지 않음.
            </summary>
            <param name="value"></param>
            <param name="targetType"></param>
            <param name="parameter"></param>
            <param name="culture"></param>
            <returns></returns>
        </member>
        <member name="T:Pentacube.CAx.DFx.Manager.ValueConverter.eRuleSeverityToTextColorConverter">
            <summary>
            eRuleSeverity를 화면에 보여줄 Text Color로 변환
            </summary>
        </member>
        <member name="T:Pentacube.CAx.DFx.Manager.ValueConverter.eRuleSignOffStatusToTextColorConverter">
            <summary>
            eRuleSignOffStatus 항목을 입력받아 화면에 보여줄 Text Color로 변환
            </summary>
        </member>
        <member name="T:Pentacube.CAx.DFx.Manager.View.DRCMessageView">
            <summary>
            Interaction logic for DRCMessageView.xaml
            </summary>
            <summary>
            DRCMessageView
            </summary>
        </member>
        <member name="M:Pentacube.CAx.DFx.Manager.View.DRCMessageView.WriteDRCMessage(System.Object)">
            <summary>
            기존 메세지를 삭제하고 새로운 메세지를 보여줍니다.
            </summary>
            <param name="obj"></param>
        </member>
        <member name="M:Pentacube.CAx.DFx.Manager.View.DRCMessageView.InitializeComponent">
            <summary>
            InitializeComponent
            </summary>
        </member>
        <member name="T:Pentacube.CAx.DFx.Manager.View.InputNameView">
            <summary>
            Interaction logic for InputNamesView.xaml
            </summary>
            <summary>
            InputNameView
            </summary>
        </member>
        <member name="M:Pentacube.CAx.DFx.Manager.View.InputNameView.InitializeComponent">
            <summary>
            InitializeComponent
            </summary>
        </member>
        <member name="T:Pentacube.CAx.DFx.Manager.View.RuleAddingView">
            <summary>
            Interaction logic for RuleAddingView.xaml
            </summary>
            <summary>
            RuleAddingView
            </summary>
        </member>
        <member name="M:Pentacube.CAx.DFx.Manager.View.RuleAddingView.InitializeComponent">
            <summary>
            InitializeComponent
            </summary>
        </member>
        <member name="P:Pentacube.CAx.DFx.Manager.View.RuleAddingVM.RuleItems">
            <summary>
            원형 룰 리스트
            </summary>
        </member>
        <member name="P:Pentacube.CAx.DFx.Manager.View.RuleAddingVM.SelectedRuleItem">
            <summary>
            선택된 원형 룰
            </summary>
        </member>
        <member name="T:Pentacube.CAx.DFx.Manager.View.RuleDBSettingView">
            <summary>
            Interaction logic for RuleDBSettingView.xaml
            </summary>
            <summary>
            RuleDBSettingView
            </summary>
        </member>
        <member name="M:Pentacube.CAx.DFx.Manager.View.RuleDBSettingView.LoadFromFuncBlock(System.String)">
            <summary>
            FuncBlock ID를 입력 받아 해당 FuncBlock을 읽는 함수
            </summary>
            <param name="funcBlockID"></param>
        </member>
        <member name="M:Pentacube.CAx.DFx.Manager.View.RuleDBSettingView._btnAddRule_Click(System.Object,System.Windows.RoutedEventArgs)">
            <summary>
            Add 버튼 클릭 이벤트 함수
            </summary>
            <param name="sender"></param>
            <param name="e"></param>
        </member>
        <member name="M:Pentacube.CAx.DFx.Manager.View.RuleDBSettingView._btnAddRuleGroup_Click(System.Object,System.Windows.RoutedEventArgs)">
            <summary>
            Add RoupGroup 버튼 클릭 이벤트 함수
            </summary>
            <param name="sender"></param>
            <param name="e"></param>
        </member>
        <member name="M:Pentacube.CAx.DFx.Manager.View.RuleDBSettingView._btnDeleteRule_Click(System.Object,System.Windows.RoutedEventArgs)">
            <summary>
            삭제 버튼 클릭 이벤트 함수
            </summary>
            <param name="sender"></param>
            <param name="e"></param>
        </member>
        <member name="M:Pentacube.CAx.DFx.Manager.View.RuleDBSettingView._btnLoadRuleSetting_Click(System.Object,System.Windows.RoutedEventArgs)">
            <summary>
            불러오기 버튼 클릭 이벤트 함수
            </summary>
            <param name="sender"></param>
            <param name="e"></param>
        </member>
        <member name="M:Pentacube.CAx.DFx.Manager.View.RuleDBSettingView._btnSaveRuleSetting_Click(System.Object,System.Windows.RoutedEventArgs)">
            <summary>
            Save 버튼 클릭 이벤트 함수
            </summary>
            <param name="sender"></param>
            <param name="e"></param>
        </member>
        <member name="M:Pentacube.CAx.DFx.Manager.View.RuleDBSettingView.InitializeComponent">
            <summary>
            InitializeComponent
            </summary>
        </member>
        <member name="T:Pentacube.CAx.DFx.Manager.View.RuleDBSettingVM">
            <summary>
            RuleDBSettingView의 ViewModel
            </summary>
        </member>
        <member name="P:Pentacube.CAx.DFx.Manager.View.RuleDBSettingVM.RuleRepo">
            <summary>
            전체 RuleDB
            </summary>
        </member>
        <member name="P:Pentacube.CAx.DFx.Manager.View.RuleDBSettingVM.RuleItems">
            <summary>
            화면의 Rule Tree 목록과 Binding되는 항목
            최상단에 Root를 추가해주고 그 밑에 RuleRepo의 RuleGroups를 추가되어 있음
            </summary>
        </member>
        <member name="P:Pentacube.CAx.DFx.Manager.View.RuleDBSettingVM.SelectedTreeItem">
            <summary>
            선택된 Tree 항목(RuleGroup 혹은 RuleBase)
            </summary>
        </member>
        <member name="P:Pentacube.CAx.DFx.Manager.View.RuleDBSettingVM.SelectedRuleItem">
            <summary>
            Rule Tree 목록에서 선택된 Rule
            </summary>
        </member>
        <member name="M:Pentacube.CAx.DFx.Manager.View.RuleDBSettingVM.LoadFromXml(System.String)">
            <summary>
            RuleDB XML을 읽어서 RuleRepo를 설정
            </summary>
            <param name="xmlPath"></param>
        </member>
        <member name="M:Pentacube.CAx.DFx.Manager.View.RuleDBSettingVM.LoadFromFuncBlock(System.String)">
            <summary>
            FuncBlock ID를 입력 받아 해당 FuncBlock의 RuleDB.xml 파일을 로드한다.
            </summary>
            <param name="funcBlockID"></param>
        </member>
        <member name="M:Pentacube.CAx.DFx.Manager.View.RuleDBSettingVM.SaveFuncBlockRules">
            <summary>
            현재 Rule 설정을 RuleDB.xml 파일에 저장한다.
            </summary>
        </member>
        <member name="M:Pentacube.CAx.DFx.Manager.View.RuleDBSettingVM.DeleteTreeItem">
            <summary>
            Tree 목록에서 선택한 항목을 삭제한다.
            </summary>
        </member>
        <member name="M:Pentacube.CAx.DFx.Manager.View.RuleDBSettingVM.AddRuleGroupTreeItem">
            <summary>
            RuleGroup을 추가한다.
            </summary>
        </member>
        <member name="M:Pentacube.CAx.DFx.Manager.View.RuleDBSettingVM.AddRule">
            <summary>
            Rule을 추가한다.
            </summary>
        </member>
        <member name="M:Pentacube.CAx.DFx.Manager.View.RuleDBSettingVM.AddSettingViewToGridRuleDetailView(Pentacube.CAx.DFx.DRCBase.RuleBase)">
            <summary>
            선택한 Rule에 따른 상세설정뷰(RuleDetailView)를 설정한다.
            </summary>
            <param name="rule"></param>
        </member>
        <member name="M:Pentacube.CAx.DFx.Manager.View.RuleDBSettingVM.LoadRuldDBXml">
            <summary>
            RuleDB.xml 파일을 로드 한다.
            </summary>
        </member>
        <member name="T:Pentacube.CAx.DFx.Manager.View.RuleDetailView">
            <summary>
            Interaction logic for RuleDatailView.xaml
            </summary>
            <summary>
            RuleDetailView
            </summary>
        </member>
        <member name="M:Pentacube.CAx.DFx.Manager.View.RuleDetailView.OnGridSizeChanged(System.Object,System.Windows.SizeChangedEventArgs)">
            <summary>
            XamRichTextEditor이 포함된 ContentPane을 사용할 때,
            Width가 아주 크게(4000넘게) 설정되어 열리는 오류를 방지하기 위한 로직
            </summary>
            <param name="sender"></param>
            <param name="e"></param>
        </member>
        <member name="M:Pentacube.CAx.DFx.Manager.View.RuleDetailView.InitializeComponent">
            <summary>
            InitializeComponent
            </summary>
        </member>
        <member name="T:Pentacube.CAx.DFx.Manager.View.RuleDetailViewModel">
            <summary>
            룰 상세정보 ViewModel
            </summary>
        </member>
        <member name="T:Pentacube.CAx.DFx.Manager.View.RuleListView">
            <summary>
            Interaction logic for RuleListView.xaml
            </summary>
            <summary>
            RuleListView
            </summary>
        </member>
        <member name="M:Pentacube.CAx.DFx.Manager.View.RuleListView.InitializeComponent">
            <summary>
            InitializeComponent
            </summary>
        </member>
        <member name="T:Pentacube.CAx.DFx.Manager.View.RuleListViewModel">
            <summary>
            룰 목록을 위한 ViewModel 클래스
            </summary>
        </member>
        <member name="P:Pentacube.CAx.DFx.Manager.View.RuleListViewModel.ActiveItem">
            <summary>
            체크 박스 선택 등으로 활성화 된 요소
            </summary>
        </member>
        <member name="P:Pentacube.CAx.DFx.Manager.View.RuleListViewModel.SelectedRuleItems">
            <summary>
            직접 Row를 선택해 활성화 된 요소 목록
            </summary>
        </member>
        <member name="M:Pentacube.CAx.DFx.Manager.View.RuleListViewModel.OnTargetProductComboBoxChanged">
            <summary>
            InitializeDRC 호출 후에 ComboBox 변경시 호출하는 함수
            </summary>
        </member>
        <member name="M:Pentacube.CAx.DFx.Manager.View.RuleListViewModel.OpenRuleDatailView(System.Object)">
            <summary>
            Rule의 Property가 변경될때 호출되는 콜백함수
            </summary>
            <param name="obj"></param>
        </member>
        <member name="M:Pentacube.CAx.DFx.Manager.View.RuleListViewModel.OnRuleListContextMenuClicked(System.String)">
            <summary>
            Context Menu의 선택에 따라 처리해준다.
            </summary>
            <param name="arg"></param>
        </member>
        <member name="M:Pentacube.CAx.DFx.Manager.View.RuleListViewModel.UpdateSelectedRuleResults">
            <summary>
            선택된 Rule에 포함된 RuleResult를 모아 SelectedRulesResults를 Update 합니다.
            </summary>
        </member>
        <member name="M:Pentacube.CAx.DFx.Manager.View.RuleListViewModel.GetSelectedRules">
            <summary>
            ActiveItem, SelectedRuleItems으로 선택된 Rule 목록을 추출합니다.
            </summary>
            <returns></returns>
        </member>
        <member name="T:Pentacube.CAx.DFx.Manager.DataAccess.RuleRepo">
            <summary>
            룰 전체를 보유하고 있는 리포짓토리
            </summary>
        </member>
        <member name="P:Pentacube.CAx.DFx.Manager.DataAccess.RuleRepo.RuleGroups">
            <summary>
            룰 그룹 목록
            </summary>
        </member>
        <member name="P:Pentacube.CAx.DFx.Manager.DataAccess.RuleRepo.DisplayUnit">
            <summary>
            화면에 표시하는 단위
            </summary>
        </member>
        <member name="P:Pentacube.CAx.DFx.Manager.DataAccess.RuleRepo.OriCadUnit">
            <summary>
            원본 CAD의 단위
            </summary>
        </member>
        <member name="P:Pentacube.CAx.DFx.Manager.DataAccess.RuleRepo.TarCadUnit">
            <summary>
            대상 CAD의 단위
            </summary>
        </member>
        <member name="P:Pentacube.CAx.DFx.Manager.DataAccess.RuleRepo.InstanceName">
            <summary>
            CAD 인스턴스명
            </summary>
        </member>
        <member name="P:Pentacube.CAx.DFx.Manager.DataAccess.RuleRepo.Company">
            <summary>
            회사명
            </summary>
        </member>
        <member name="P:Pentacube.CAx.DFx.Manager.DataAccess.RuleRepo.Division">
            <summary>
            부서명
            </summary>
        </member>
        <member name="P:Pentacube.CAx.DFx.Manager.DataAccess.RuleRepo.RuleDescriptionDocumentsFolderInXML">
            <summary>
            XML에 적힌 룰설명문서 폴더경로
            </summary>
        </member>
        <member name="P:Pentacube.CAx.DFx.Manager.DataAccess.RuleRepo.RuleDescriptionDocumentsFolder">
            <summary>
            룰설명문서 폴더경로(절대 경로화)
            </summary>
        </member>
        <member name="P:Pentacube.CAx.DFx.Manager.DataAccess.RuleRepo.RequestTime">
            <summary>
            룰검증 요청 시각
            </summary>
        </member>
        <member name="P:Pentacube.CAx.DFx.Manager.DataAccess.RuleRepo.CompleteTime">
            <summary>
            룰검증 완료 시각
            </summary>
        </member>
        <member name="P:Pentacube.CAx.DFx.Manager.DataAccess.RuleRepo.RuleTargetProducts">
            <summary>
            룰 적용할 대상 제품
            </summary>
        </member>
        <member name="P:Pentacube.CAx.DFx.Manager.DataAccess.RuleRepo.RepoManager">
            <summary>
            Repository Manager
            </summary>
        </member>
        <member name="P:Pentacube.CAx.DFx.Manager.DataAccess.RuleRepo.PreWorker">
            <summary>
            검증 수행전 작업을 위한 PreWorker
            </summary>
        </member>
        <member name="M:Pentacube.CAx.DFx.Manager.DataAccess.RuleRepo.SubscribeEvents">
            <summary>
            이벤트 구독
            </summary>
        </member>
        <member name="M:Pentacube.CAx.DFx.Manager.DataAccess.RuleRepo.OnCadUnitChanged(System.Tuple{Pentacube.Infrastructure.eModuleMode,Pentacube.Infrastructure.ePCBMode,Pentacube.Infrastructure.eUnit})">
            <summary>
            CAD 단위 변경시 호출되는 콜백함수
            </summary>
            <param name="arg"></param>
        </member>
        <member name="M:Pentacube.CAx.DFx.Manager.DataAccess.RuleRepo.OnDisplayUnitChanged(System.Tuple{Pentacube.Infrastructure.eModuleMode,Pentacube.Infrastructure.eUnit})">
            <summary>
             화면 표시 단위 변경시 호출되는 콜백함수
            </summary>
            <param name="arg"></param>
        </member>
        <member name="M:Pentacube.CAx.DFx.Manager.DataAccess.RuleRepo.Rule_PropertyChanged(System.Object,System.ComponentModel.PropertyChangedEventArgs)">
            <summary>
            개별 Rule 내 프라퍼티 변경시 호출되는 콜백 => 해당 룰 그룹의 프라퍼티를 업데이트함
            </summary>
            <param name="sender"></param>
            <param name="e"></param>
        </member>
        <member name="M:Pentacube.CAx.DFx.Manager.DataAccess.RuleRepo.CheckoutLicense(System.Collections.Generic.IEnumerable{Pentacube.CAx.DFx.DRCBase.RuleBase})">
            <summary>
            Rule List를 Checkout 한다.
            </summary>
            <param name="checkedRules"></param>
            <returns>null: 사용가능한 License 없음, null이 아닐시: Rule에서 사용하는 License Feature 목록</returns>
        </member>
        <member name="M:Pentacube.CAx.DFx.Manager.DataAccess.RuleRepo.RunCheckedDRCsAsync">
            <summary>
            선택된 Rule을 비동기로 수행
            </summary>
            <returns></returns>
        </member>
        <member name="M:Pentacube.CAx.DFx.Manager.DataAccess.RuleRepo.RunDRCsAsyncSerial">
            <summary>
            선택된 Rule One by One으로 수행. PreWorkJob이 있는 Rule을 순차적으로 먼저 실행 후 없는 Rule을 순차적 실행
            </summary>
            <returns></returns>
        </member>
        <member name="M:Pentacube.CAx.DFx.Manager.DataAccess.RuleRepo.RunRule(Pentacube.CAx.DFx.DRCBase.RuleBase,Prism.Logging.ILoggerFacade)">
            <summary>
            Rule을 실행하고, 로그를 기록한다.
            </summary>
            <param name="rule">대상 Rule</param>
            <param name="logger">logger 객체</param>
        </member>
        <member name="M:Pentacube.CAx.DFx.Manager.DataAccess.RuleRepo.SetRepoMgrInEveryRule(Pentacube.Infrastructure.DataAccess.IRepositoryManager)">
            <summary>
            모든 Rule에 ODBRepo manager를 설정
            </summary>
            <param name="repoManager">설정할 ODBRepoManager</param>
        </member>
        <member name="M:Pentacube.CAx.DFx.Manager.DataAccess.RuleRepo.SetCadUnitInEveryRule">
            <summary>
            모든 Rule에 CAD Unit을 설정
            </summary>
        </member>
        <member name="M:Pentacube.CAx.DFx.Manager.DataAccess.RuleRepo.LoadXML(System.String)">
            <summary>
            RuleDB.xml 파일로 부터 Rule을 설정한다.
            </summary>
            <param name="xmlPath"></param>
        </member>
        <member name="M:Pentacube.CAx.DFx.Manager.DataAccess.RuleRepo.LoadFromFuncBlocks(System.Collections.Generic.List{System.String})">
            <summary>
            FuncBlock들에게서 Rule를 Load
            </summary>
            <param name="funcBlockNames"></param>
            <returns></returns>
        </member>
        <member name="M:Pentacube.CAx.DFx.Manager.DataAccess.RuleRepo.SaveXml(System.String)">
            <summary>
            현재 RuleRepo에서 RuleDB.xml 파일을 저장
            </summary>
            <param name="xmlPath"></param>
        </member>
    </members>
</doc>
